create database if not exists `haur`;
use `haur`;

-- drop table if exists questions_history;
drop table if exists questions;
drop table if exists levels;
drop table if exists decks;

create table if not exists decks
(
    id  varchar(255) not null primary key,
    language_code varchar(10) not null,
    name varchar(255) not null,
    emoji varchar(255),
    description text,
    labels varchar(255)
);
create table if not exists levels
(
    id          varchar(255) not null primary key,
    deck_id     varchar(255) not null references decks,
    level_order int          not null,
    name        varchar(255) not null,
    emoji        varchar(255),
    color_start varchar(255) not null,
    color_end   varchar(255) not null
);
create table if not exists questions
(
    id              varchar(255) not null primary key,
    level_id varchar(255) not null references levels,
    text            varchar(255) not null,
    additional_text varchar(255)
);
create table if not exists questions_history
(
    id            varchar(255) not null primary key,
    level_id varchar(255) not null,
    question_id   varchar(255) not null,
    chat_id       varchar(255) not null,
    question_time timestamp    not null default current_timestamp
);

INSERT INTO decks values ('1', 'RU', 'Для пары', '😉', 'Вопросы на для любой пары друзей, партнеров или незнакомцев. Читающий задает вопрос другому.', 'good to start;besties');
INSERT INTO decks values ('2', 'RU', 'Для компании', '😎', 'Вопросы для посиделок в компании. Другой отвечает про читающего.', 'party');
INSERT INTO decks values ('5', 'RU', 'Для троих', '😎', 'Вопросы для посиделок в компании втроем. Другой отвечает про читающего.', 'party');
INSERT INTO decks values ('3', 'RU', 'Для компании, о себе', '😎', 'Вопросы для посиделок в компании. Читающий отвечает о себе.', 'good to start;party');
INSERT INTO decks values ('4', 'RU', 'Для партнеров', '❤️', 'Для пар, чтобы лучше узнать друг друга','couples;good to start');
INSERT INTO decks values ('6', 'EN', 'Welcome... stranger?', '🇬🇧', 'For any strangers who want to get know each other!','good to start;party');

INSERT INTO levels (id, deck_id, level_order, name, emoji, color_start, color_end)
VALUES ('8bb90043-6af9-405f-8b88-f14f473ddb0d', '1', 1, 'Знакомство', '🙂', '74,62,255', '219, 100, 255'),
       ('ee00cee2-6c9c-43c1-beff-3ce78583e9f6', '1', 2, 'Погружение', '😏', '254,141,63', '186,55,101'),
       ('6b09da44-8810-4ba0-a6d9-6dfb08357921', '1', 3, 'Рефлексия', '😌', '26,59,153', '95,150,51'),

       ('87bf97a3-9e60-438b-adff-a846c2830569', '2', 1, 'Знакомство', '🙂', '74,62,255', '219, 100, 255'),
       ('ea69befb-0585-4ada-9b5e-7bf905b53975', '2', 2, 'Погружение', '😏', '254,141,63', '186,55,101'),
       ('2afed974-5981-4de8-83e3-239cffb164da', '2', 3, 'Рефлексия', '😌', '26,59,153', '95,150,51'),

       ('eb1d9bdf-12e0-469e-8197-eebcd9107090', '5', 1, 'Знакомство', '🙂', '74,62,255', '219, 100, 255'),
       ('3360a2f9-45ab-4cd5-88ee-0c4e9af4f46c', '5', 2, 'Погружение', '😏', '254,141,63', '186,55,101'),
       ('9134eb5e-8898-4e00-92c7-ed9cbd653d78', '5', 3, 'Рефлексия', '😌', '26,59,153', '95,150,51'),

       ('95276471-2ef2-41d2-b543-43045373d2ad', '3', 1, 'Знакомство', '🙂', '74,62,255', '219, 100, 255'),
       ('73763a6e-4ce0-412c-89ee-e5ab4b731795', '3', 2, 'Погружение', '😏', '254,141,63', '186,55,101'),
       ('e3604fb7-bacc-4daf-8049-e37191a90399', '3', 3, 'Рефлексия', '😌', '26,59,153', '95,150,51'),

       ('f15a9b08-2fdc-4bd8-afe3-38e6ce935d9a', '4', 1, 'Лайт', null, '242,62,182', '226,124,34'),
       ('b49aef79-3d09-4899-8eaa-f2011e837bae', '4', 2, 'Глубина', null, '181,3,36', '224,123,123'),

       ('99841501-3ced-40e2-8565-f66327339ead', '6', 1, 'Dots', '🙂', '74,62,255', '219, 100, 255'),
       ('02e8df42-e210-41e4-be45-205dd2f8036a', '6', 2, 'Parallels', '😏', '254,141,63', '186,55,101'),
       ('84360dea-a948-4726-b626-effbce066ee4', '6', 3, 'Figures', '😌', '26,59,153', '95,150,51');





INSERT INTO questions
values ('0cb996e5-cbcb-40e8-961d-cd4ce37aa9cc', '8bb90043-6af9-405f-8b88-f14f473ddb0d', 'Как ты думаешь, что самое сложное в том деле, которым я зарабатываю себе на жизнь?', null),
       ('641aa889-6596-4b44-8cdd-68332a7e72d0', '8bb90043-6af9-405f-8b88-f14f473ddb0d', 'Что было первое, что ты заметил(а) во мне?', null),
       ('09c48694-281b-493c-927a-23a0d69555a6', '8bb90043-6af9-405f-8b88-f14f473ddb0d', 'Если бы ты покупал(а) мне подарок, зная только как я выгляжу, что бы это было?', null),
       ('02064115-a7a1-4b30-9571-5465b8903fc0', '8bb90043-6af9-405f-8b88-f14f473ddb0d', 'Как ты думаешь, растения у меня дома цветут или умирают? Объясни почему.', null),
       ('d81b5a90-c350-4215-8687-494951c15e7f', '8bb90043-6af9-405f-8b88-f14f473ddb0d', 'Я выгляжу добрым(ой)? Почему, или почему нет?', null),
       ('d48631c0-5e18-43c2-941b-ef6ef1811ddc', '8bb90043-6af9-405f-8b88-f14f473ddb0d', 'Как тебе кажется, у меня более творческий или аналитический склад ума? Почему?', null),
       ('75afb2ce-541b-4e96-b3d7-0fd531432607', '8bb90043-6af9-405f-8b88-f14f473ddb0d', 'Я похож(а) на человека, который сделал бы татуировку чьего-то имени? Почему?', null),
       ('27fd52ad-88c5-47a3-ab86-188eb5f72714', '8bb90043-6af9-405f-8b88-f14f473ddb0d', 'Закончите предложение: Просто взглянув на тебя, я бы подумал(а)...', null),
       ('0af155dc-f02f-4010-9f1e-2293cc555adc', '8bb90043-6af9-405f-8b88-f14f473ddb0d', 'Что моя обувь говорит тебе обо мне?', null),
       ('1407e4f8-ab6f-44ac-af88-edd9862ddca8', '8bb90043-6af9-405f-8b88-f14f473ddb0d', 'Как ты думаешь, меня когда-нибудь увольняли с работы? Если да, то за что?', null),
       ('a3a6f6bb-a367-435c-af50-e6595f663b1e', '8bb90043-6af9-405f-8b88-f14f473ddb0d', 'Каково было твое первое впечатление обо мне?', null),
       ('7f4a454b-752b-49ba-8387-f46516f30978', '8bb90043-6af9-405f-8b88-f14f473ddb0d', 'Сделай предположение обо мне', null),
       ('7a37d4ca-5b5f-49a2-b023-95a2ca830fa4', '8bb90043-6af9-405f-8b88-f14f473ddb0d', 'Что тебя во мне интригует?', null),
       ('d0cd22a0-48da-4a71-ab64-3851e23b6ffb', '8bb90043-6af9-405f-8b88-f14f473ddb0d', 'Как ты думаешь, кем я хотел(а) стать в детстве?', null),
       ('feb74d2d-9190-4955-81b9-497899d08e52', '8bb90043-6af9-405f-8b88-f14f473ddb0d', 'Смотря на тебя, я сразу думаю о...', null),
       ('36402b51-b57e-4185-ad21-34a81b21ccd6', '8bb90043-6af9-405f-8b88-f14f473ddb0d', 'Как ты думаешь, я был(а) популярен(на) в школе? Объясни почему?', null),
       ('7cb0ba82-e7b0-4fa5-8cca-12ab80d5fed1', '8bb90043-6af9-405f-8b88-f14f473ddb0d', 'Как ты думаешь, сколько штрафов я получал(а) в своей жизни?', null),
       ('40e1c5d6-1ea2-4bb8-b854-9469917e931d', '8bb90043-6af9-405f-8b88-f14f473ddb0d', 'Как ты думаешь, легко ли я влюбляюсь? Почему или почему нет?', null),
       ('33613b98-9c27-4cad-a3d4-a695431aab1f', '8bb90043-6af9-405f-8b88-f14f473ddb0d', 'Как ты думаешь, какой комплимент я слышу чаще всего?', null),
       ('fa095d6e-f852-40ea-94f1-b5d48aa50cba', '8bb90043-6af9-405f-8b88-f14f473ddb0d', 'Как ты думаешь, я когда-либо проверял(а) переписки партнера?', null),
       ('86529c9f-4c40-41df-98a7-4fc091d3da3d', '8bb90043-6af9-405f-8b88-f14f473ddb0d', 'Как ты думаешь, какой предмет в школе был моим любимым? А какой я не любил(а)?', null),
       ('685e06b7-e3de-4dfb-8d0e-a8965fdba0bd', '8bb90043-6af9-405f-8b88-f14f473ddb0d', 'Как ты думаешь, я предпочитаю чай, или кофе? С сахаром, или без?', null),
       ('400d997c-f1b5-4465-b08b-f22fffea13ef', '8bb90043-6af9-405f-8b88-f14f473ddb0d', 'Как ты думаешь, когда я был ребенком, кем я хотел стать?', null),
       ('10eaba1a-f5e4-4461-b875-e90a805aff3f', '8bb90043-6af9-405f-8b88-f14f473ddb0d', 'Как тебе кажется, я жаворонок или сова?', null),
       ('9f75e928-e5a2-45e7-b4c7-3e8b522d6c85', '8bb90043-6af9-405f-8b88-f14f473ddb0d', 'Как ты думаешь, я был(а) популярен(на) в школе? Объясни почему', null),
       ('98d5721a-d1fa-4415-b8a5-07d62817d6ba', '8bb90043-6af9-405f-8b88-f14f473ddb0d', 'Как ты думаешь, я чаще опаздываю, или прихожу вовремя? Объясни почему', null),
       ('0ee8768d-ec93-4eff-b6c0-0386cf224f86', '8bb90043-6af9-405f-8b88-f14f473ddb0d', 'Я похож(а) на кого-то из твоих знакомых?', null),
       ('9aabbf7e-dcd4-4991-9acf-b7dc98f724dd', '8bb90043-6af9-405f-8b88-f14f473ddb0d', 'Как ты думаешь, на что я готов потратить много денег?', null),
       ('258239bd-e1e6-45d8-abc5-ae7c35c1d2c5', '8bb90043-6af9-405f-8b88-f14f473ddb0d', 'Ты обычно коннектишься с такими как я?', null),
       ('7da697c0-f15d-4d8d-a849-cb0b642bb60e', '8bb90043-6af9-405f-8b88-f14f473ddb0d', 'Пугает ли тебя что-то во мне? Почему или почему нет?', null),
       ('cae371c8-16f9-40b1-b245-35f1e8cd09fa', '8bb90043-6af9-405f-8b88-f14f473ddb0d', 'Какая строчка из любимых песен приходит тебе в голову прямо сейчас?', null),
       ('a0442149-4ea0-40aa-9cab-c38309bd95a7', '8bb90043-6af9-405f-8b88-f14f473ddb0d', 'Запиши свою главную цель на следующий месяц. Сравни с целью собеседника.', null),
       ('50b7178d-d02d-4a1c-ac7a-a88b33215725', '8bb90043-6af9-405f-8b88-f14f473ddb0d', 'Как ты думаешь, я был(а) когда-то влюблен(а)?', null),
       ('46c3bd7e-e75f-45ea-93a6-b77079781fff', '8bb90043-6af9-405f-8b88-f14f473ddb0d', 'Как ты думаешь, есть ли типаж людей, который мне нравится. Какой он?', null),
       ('49f9351c-b388-4842-b2a9-da9c65dce9be', '8bb90043-6af9-405f-8b88-f14f473ddb0d', 'Как ты думаешь, каким(ой) я был(а) в школе?', null),
       ('90722428-cb22-4b69-9615-ba17cc99490f', '8bb90043-6af9-405f-8b88-f14f473ddb0d', 'Как ты думаешь, что значит мое имя?', null),
       ('e72d554b-2467-42b5-97e9-914f57d780e8', '8bb90043-6af9-405f-8b88-f14f473ddb0d', 'Что во мне ты заметил(а) в первую очередь?', null),
       ('6b900d8f-b244-4af2-82ba-42392c55ccf7', '8bb90043-6af9-405f-8b88-f14f473ddb0d', 'Ты хотел(а) бы стать известным(ой)? Каким образом?', null),
       ('8b5ab359-0754-4d75-a6f5-86d06994e49b', '8bb90043-6af9-405f-8b88-f14f473ddb0d', 'За что в твоей жизни ты чувствуешь себя больше всего благодарным(ой)?', null),
       ('4e4e8e00-7404-42b3-b275-ed32e6575310', '8bb90043-6af9-405f-8b88-f14f473ddb0d', 'Если бы ты мог(ла) изменить что-нибудь в том, как тебя воспитывали, что бы это было?', null),
       ('e8529344-3f63-4e5b-b3fa-4ff308fd204e', '8bb90043-6af9-405f-8b88-f14f473ddb0d', 'Из чего состоит твой идеальный день?', null),
       ('297bdec7-2086-4612-a013-b9e7c01bc7f7', '8bb90043-6af9-405f-8b88-f14f473ddb0d', 'Когда ты в последний раз пел(а) для себя? А для кого-то другого?', null),
       ('bde78843-8a78-46a7-9042-cc470182b6c6', '8bb90043-6af9-405f-8b88-f14f473ddb0d', 'Внимательно посмотрите друг другу в глаза и опишите глаза собеседника', null),
       ('d3093592-b9cf-402d-8b7d-4d76cdf32d82', 'ee00cee2-6c9c-43c1-beff-3ce78583e9f6', 'Что было твоим счастливейшим воспоминанием за последний год?', null),
       ('ebeb600c-1096-41d8-b778-f8423f2d9a73', 'ee00cee2-6c9c-43c1-beff-3ce78583e9f6', 'Ты изменил(а) свое мнение о чем-нибудь в последнее время?', null),
       ('5a1f63e4-0166-4abf-8a52-2554ab8c779a', 'ee00cee2-6c9c-43c1-beff-3ce78583e9f6', 'Какое твое самое раннее воспоминание о счастье?', null),
       ('a45979a4-632c-42f5-a29c-3f927db5a255', 'ee00cee2-6c9c-43c1-beff-3ce78583e9f6', 'От какой привычки ты отчаивался(лась) дольше всего?', null),
       ('1d878cb1-2fba-4dfc-8f35-014a859bfbc8', 'ee00cee2-6c9c-43c1-beff-3ce78583e9f6', 'Ты лжешь себе о чем-нибудь?', null),
       ('d442ef41-8e45-4620-a32e-eb35f8e83931', 'ee00cee2-6c9c-43c1-beff-3ce78583e9f6', 'На какие вопросы ты пытаешься ответить в своей жизни прямо сейчас?', null),
       ('02ac1458-5175-4137-beda-d5dbd04c794b', 'ee00cee2-6c9c-43c1-beff-3ce78583e9f6', 'Когда в последний раз ты удивлялся себе?', null),
       ('facea895-1c0b-4d81-9fc0-a0b410e89d25', 'ee00cee2-6c9c-43c1-beff-3ce78583e9f6', 'Какое название ты бы дал(а) этой главе в своей жизни?', null),
       ('d993a31a-defd-4df6-a124-a1d47045ad23', 'ee00cee2-6c9c-43c1-beff-3ce78583e9f6', 'Чего бы тебе сейчас хотелось больше всего?', null),
       ('a107ceba-c5e9-4783-b8a0-356632dbb9ee', 'ee00cee2-6c9c-43c1-beff-3ce78583e9f6', 'Закончи предложение: Незнакомцы описали бы меня, как ..., но только знаю, что я ...', null),
       ('d808ff18-3f7d-4e3c-9f6f-239fb9a045d2', 'ee00cee2-6c9c-43c1-beff-3ce78583e9f6', 'Какую самую сильную нефизическую боль ты переживал(а)?', null),
       ('276377e5-c6db-4c46-91c9-60f3973e88d5', 'ee00cee2-6c9c-43c1-beff-3ce78583e9f6', 'Был ли случай, когда незнакомец изменил твою жизнь?', null),
       ('2e8866b8-8893-486b-b26f-aedc25132aae', 'ee00cee2-6c9c-43c1-beff-3ce78583e9f6', 'Как звали твою первую любовь и почему ты влюбился(лась) в него/нее?', null),
       ('9e586873-0eb8-4573-8d4f-541701b48cf5', 'ee00cee2-6c9c-43c1-beff-3ce78583e9f6', 'Как бы ты описал(а) ощущение влюбленности одним словом?', null),
       ('48315b08-0b57-44c2-8f40-3c42d211bcdf', 'ee00cee2-6c9c-43c1-beff-3ce78583e9f6', 'Чего ты больше боишься: провала или успеха и почему?', null),
       ('fe921811-07e1-4a6d-a4d2-420241af078a', 'ee00cee2-6c9c-43c1-beff-3ce78583e9f6', 'От какой мечты ты отказался(лась)?', null),
       ('e728491e-e975-4e7f-9b3f-ba4313b977c7', 'ee00cee2-6c9c-43c1-beff-3ce78583e9f6', 'Если бы вы могли узнать кого-то в своей жизни на более глубоком уровне, кто бы это был и почему?', null),
       ('f8e116d3-f623-4918-9c92-ceb39407f70d', 'ee00cee2-6c9c-43c1-beff-3ce78583e9f6', 'Как зовут твою маму, и что самое прекрасное в ней?', null),
       ('8b2eb421-06c2-4501-984e-6f653d8718f4', 'ee00cee2-6c9c-43c1-beff-3ce78583e9f6', 'Какая часть твоей жизни работает хорошо, а какая страдает?', null),
       ('56fc9bd2-eeb1-40d1-afd8-97da469204d8', 'ee00cee2-6c9c-43c1-beff-3ce78583e9f6', 'Как ты можешь стать лучшей версией себя?', null),
       ('551f4fec-7eca-4601-8b25-46ac95695762', 'ee00cee2-6c9c-43c1-beff-3ce78583e9f6', 'Ты по кому-нибудь сейчас скучаешь? Как ты думаешь они скучают по тебе?', null),
       ('2e919aa4-222c-4f88-b483-ec4eacde630a', 'ee00cee2-6c9c-43c1-beff-3ce78583e9f6', 'Как ты думаешь, в какой фаст-фуд ресторан я скорее всего пойду? Что я скорее всего закажу?', null),
       ('b1317e3d-56e5-41c5-898f-4451d650c491', 'ee00cee2-6c9c-43c1-beff-3ce78583e9f6', 'Чем я могу отталкивать людей?', null),
       ('4ce03a59-ff1e-4e4d-b1a0-210b7d90391f', 'ee00cee2-6c9c-43c1-beff-3ce78583e9f6', 'Когда тебя спрашивают как дела, как часто ты отвечаешь правдиво?', null),
       ('c6c6f54c-9f59-4245-8a69-22f79aaf1eac', 'ee00cee2-6c9c-43c1-beff-3ce78583e9f6', 'Как твои дела? А на самом деле?', null),
       ('e338839b-d23e-4998-b261-e1960bbac173', 'ee00cee2-6c9c-43c1-beff-3ce78583e9f6', 'Что самое необычное, что случалось с тобой?', null),
       ('23655bd4-41e4-4099-b5f3-8017082a05cd', 'ee00cee2-6c9c-43c1-beff-3ce78583e9f6', 'Как зовут твоего отца? Расскажи мне одну вещь о нем', null),
       ('7551ad9a-9e27-4203-97f2-7c8461677298', 'ee00cee2-6c9c-43c1-beff-3ce78583e9f6', 'Если бы ты мог(ла) быть где угодно и делать что угодно - где бы ты был(а) и что бы ты делал(а)?', null),
       ('ce1a17b5-c559-4fbb-9034-cc35cbc44470', 'ee00cee2-6c9c-43c1-beff-3ce78583e9f6', 'Опиши свой идеальный день', null),
       ('519648e4-24aa-4a69-9bac-d6fac88a14cb', 'ee00cee2-6c9c-43c1-beff-3ce78583e9f6', 'Какой совет ты бы дал(а) себе из прошлого?', null),
       ('678cf372-7fbd-4db3-8750-7361165e8973', 'ee00cee2-6c9c-43c1-beff-3ce78583e9f6', 'На сколько лет ты себя ощущаешь?', null),
       ('88a0c8cf-689e-44ab-b452-1385e37d0720', 'ee00cee2-6c9c-43c1-beff-3ce78583e9f6', 'Что самое неловкое случалось с тобой на свидании?', null),
       ('513e47c9-8669-42c3-8442-54bc0a81467e', 'ee00cee2-6c9c-43c1-beff-3ce78583e9f6', 'Что бы ты мог(ла) сделать лучше в предыдущих отношениях?', null),
       ('9fa5f35d-8950-43bb-b353-7329a57f9987', 'ee00cee2-6c9c-43c1-beff-3ce78583e9f6', 'Есть ли у тебя образ, от которого ты бы хотел избавиться?', null),
       ('a5c99fb0-a7ca-4870-aa83-816e8be9494f', 'ee00cee2-6c9c-43c1-beff-3ce78583e9f6', 'Чему люди, которые тебя воспитывали, научили тебя о любви?', null),
       ('fd189aa6-e2b3-49aa-b6cf-aa02ed7eaeae', 'ee00cee2-6c9c-43c1-beff-3ce78583e9f6', 'Опиши свое идеальное свидание', null),
       ('9dd55062-c027-4803-92c4-43ba0f4b611a', 'ee00cee2-6c9c-43c1-beff-3ce78583e9f6', 'Чему ты научился(лась) в романтических отношениях? Чему ты научился(лась), когда был(а) один(на)?', null),
       ('205f0a56-76e6-4693-80a0-9a5d34d9c4d6', 'ee00cee2-6c9c-43c1-beff-3ce78583e9f6', 'Какой вопрос ты бы хотел(а), чтобы тебя чаще спрашивали?', null),
       ('aa3d3400-ab79-48ed-b10e-d99c8bd9ff97', 'ee00cee2-6c9c-43c1-beff-3ce78583e9f6', 'Чем ты страстно увлекаешься?', null),
       ('94bb4975-266f-456e-8538-bbdd8e023ecd', 'ee00cee2-6c9c-43c1-beff-3ce78583e9f6', 'Чему в данный момент ты уделяешь недостаточно времени?', null),
       ('36220c14-ab63-4b12-b855-f810f53eb001', '6b09da44-8810-4ba0-a6d9-6dfb08357921', 'После нашего разговора. какую книгу ты бы посоветовал(а) мне почитать?', null),
       ('b2556dae-254a-4aa2-8cd5-4a0ac45fd4da', '6b09da44-8810-4ba0-a6d9-6dfb08357921', 'Что во мне тебя удивило?', null),
       ('c838f9a3-b2e5-4695-af42-fc0c3e9e07ef', '6b09da44-8810-4ba0-a6d9-6dfb08357921', 'Как ты думаешь какая у меня суперспособность?', null),
       ('b4abfed3-fbb0-4656-94eb-9ee97e166b2c', '6b09da44-8810-4ba0-a6d9-6dfb08357921', 'Как ты думаешь, какие наши самые важные сходства?', null),
       ('34f2b2c5-ffe0-496f-a7bf-852b75ab1726', '6b09da44-8810-4ba0-a6d9-6dfb08357921', 'Как ты думаешь, какую одну вещь я могу сделать, чтобы значительно улучшить свою жизнь?', null),
       ('5abf3397-42a5-47c6-a23e-4261e7cb5faf', '6b09da44-8810-4ba0-a6d9-6dfb08357921', 'Что было бы идеальным подарком для меня?', null),
       ('e7278ab3-574d-4ed4-8afc-931d6579f930', '6b09da44-8810-4ba0-a6d9-6dfb08357921', 'Как бы ты описал(а) меня незнакомцу(ке)?', null),
       ('a0a311ac-2b98-4b98-84fa-7e942b164f4e', '6b09da44-8810-4ba0-a6d9-6dfb08357921', 'Что мне нужно услышать прямо сейчас?', null),
       ('9998b832-1572-4234-8caf-e792ce15b7c0', '6b09da44-8810-4ba0-a6d9-6dfb08357921', 'Какой урок ты вынес(ла) из нашего разговора?', null),
       ('317953e9-2a00-4ff5-8613-7867ae0496aa', '6b09da44-8810-4ba0-a6d9-6dfb08357921', 'Чем я могу тебе помочь?', null),
       ('b8e96535-de71-43f8-a7f4-f932945644a5', '6b09da44-8810-4ba0-a6d9-6dfb08357921', 'Как ты думаешь, чего я боюсь больше всего?', null),
       ('4534a898-4ac6-4055-92e7-2a6f6db411e3', '6b09da44-8810-4ba0-a6d9-6dfb08357921', 'Как ты думаешь, о чем я могу давать советы?', null),
       ('ebfd5fc2-f833-47bd-80c4-d8e317fa34a2', '6b09da44-8810-4ba0-a6d9-6dfb08357921', 'Что тебе труднее всего понять во мне?', null),
       ('32c3d01a-34fa-44b2-91a8-e7a51113f304', '6b09da44-8810-4ba0-a6d9-6dfb08357921', 'Если бы мы были музыкальной группой, как бы мы назывались?', null),
       ('af79e797-e3a2-48e6-969d-5fca28b52c3b', '6b09da44-8810-4ba0-a6d9-6dfb08357921', 'Признайся в чем-то', null),
       ('b70cec2e-6551-4a4d-81c3-6c3cc6b1f340', '6b09da44-8810-4ba0-a6d9-6dfb08357921', 'Какие части себя ты видишь во мне?', null),
       ('d8a4c429-4fa5-4de2-b1c1-3ae55206a23b', '6b09da44-8810-4ba0-a6d9-6dfb08357921', 'Что помогает тебе раскрыться перед другим человеком?', null),
       ('1d6c3691-057d-4acf-8983-b6bea14c5db0', '6b09da44-8810-4ba0-a6d9-6dfb08357921', 'Что ты посоветуешь мне отпустить?', null),
       ('7d270d5b-95f7-4ab7-b29a-e35ab88e2dc1', '6b09da44-8810-4ba0-a6d9-6dfb08357921', 'Чему этот разговор научил тебя о себе?', null),
       ('15a8a00e-2b23-4048-97fe-2c5677fd5be0', '6b09da44-8810-4ba0-a6d9-6dfb08357921', 'Как ты думаешь, какая моя самая определяющая черта характера?', null),
       ('2dda3cdf-1cb3-4816-a043-6ae36e541a25', '6b09da44-8810-4ba0-a6d9-6dfb08357921', 'На какой вопрос тебе было сложнее всего ответить?', null),
       ('5fb3e641-5ab3-43bf-97af-53276a7aa740', '6b09da44-8810-4ba0-a6d9-6dfb08357921', 'Как ты думаешь, почему мы встретились?', null),
       ('0832634e-b042-4098-973e-1c755af023c0', '6b09da44-8810-4ba0-a6d9-6dfb08357921', 'После нашего разговора что ты будешь помнить обо мне?', null),
       ('08354c36-c53f-44bb-b615-761913ff2003', '6b09da44-8810-4ba0-a6d9-6dfb08357921', 'Как ты думаешь в чем моя слабость?', null),
       ('11f93f39-0354-4aaf-a205-ca3ce35fc25b', '6b09da44-8810-4ba0-a6d9-6dfb08357921', 'Как наши личности дополняют друг друга?', null),
       ('a4348407-80aa-4d75-859d-cf130e1b5358', '6b09da44-8810-4ba0-a6d9-6dfb08357921', 'Как ты думаешь, что я должен знать о себе, чего, возможно, я не знаю?', null),
       ('fc85c696-feb5-45b6-93eb-9980e007584f', '6b09da44-8810-4ba0-a6d9-6dfb08357921', 'Как бы ты почувствовал(а) себя ближе ко мне?', null),
       ('36962230-a526-46c5-8fe9-0185c46be76a', '6b09da44-8810-4ba0-a6d9-6dfb08357921', 'Опиши как ты чувствуешь себя прямо сейчас одним словом', null),
       ('eb84767b-e73a-4623-84fb-6ef38812cf4e', '6b09da44-8810-4ba0-a6d9-6dfb08357921', 'Веришь ли ты, что у каждого человека есть призвание? Если это так, как ты думаешь, я нашел(ла) свое?', null),
       ('353aaf5b-3164-4bb8-b75d-b4f716272faa', '6b09da44-8810-4ba0-a6d9-6dfb08357921', 'Что мы можем создать вместе?', null),
       ('acaef41f-e5d1-4e3b-b334-47ec22760fc4', '6b09da44-8810-4ba0-a6d9-6dfb08357921', 'Какой мой ответ дал тебе инсайт о себе?', null),
       ('aa107d31-2e1f-4f70-a9d0-4f52ace93329', '6b09da44-8810-4ba0-a6d9-6dfb08357921', 'Что не в моей внешности привлекает тебя больше всего?', null),
       ('ac74fd58-50f1-44d8-96f8-1839df1987b3', '6b09da44-8810-4ba0-a6d9-6dfb08357921', 'Совпали ли первые впечатления от меня с тем, как я раскрывался(лась) в течение нашего разговора?', null),
       ('0fc98f02-83c1-446d-a50e-80b97d82ff4d', '6b09da44-8810-4ba0-a6d9-6dfb08357921', 'Что тебя больше всего восхищает во мне?', null),
       ('a44cfb18-ac6f-4bb2-8d01-4c4cb36232ee', '6b09da44-8810-4ba0-a6d9-6dfb08357921', 'Как бы ты описал меня незнакомцу?', null),
       ('3878f98f-824f-44c1-a99d-0189f9514085', '6b09da44-8810-4ba0-a6d9-6dfb08357921', 'Чему я могу научить тебя?', null),
       ('02d79b0b-056e-4e04-a436-7f98d76a2a02', '6b09da44-8810-4ba0-a6d9-6dfb08357921', 'Что бы ты хотел(а) узнать от меня?', null),
       ('db859f2d-d27c-4043-8c85-a9da0d461cf8', '6b09da44-8810-4ba0-a6d9-6dfb08357921', 'Что во мне больше всего удивило тебя?', null),
       ('13e502b5-0288-46be-8df7-2ad226186cd0', '6b09da44-8810-4ba0-a6d9-6dfb08357921', 'Чем я могу тебе помочь?', null),
       ('27f0fbe1-44b0-4c00-ba7a-0a8aa11ea223', '6b09da44-8810-4ba0-a6d9-6dfb08357921', 'О ком ты часто  думаешь в последнее время? Придумай, как дать им знать, что ты думаешь о них', null),
       ('661b4a05-64d9-4b0f-a7dd-9c922059eb92', '6b09da44-8810-4ba0-a6d9-6dfb08357921', 'Как бы ты описал(а) наш разговор в двух словах?', null),
       ('fb734155-77d9-4e4d-b90a-dd9d0486459e', '6b09da44-8810-4ba0-a6d9-6dfb08357921', 'Чему в твоей жизни сегодня не поверил бы ты из прошлого?', null),
       ('13882446-89f3-41bf-aca4-8924c889dbf8', '6b09da44-8810-4ba0-a6d9-6dfb08357921', 'Как наши характеры дополняют друг друга?', null),
       ('0d81c76b-8ce2-47b4-97b2-1bcf2bbc7259', '6b09da44-8810-4ba0-a6d9-6dfb08357921', 'Как ты думаешь, совпадает ли то, как видят тебя другие люди с тем, какой(а)я ты есть на самом деле?', null),
       ('0e45c3a9-bca9-45a8-9d09-a19a3126a6eb', '6b09da44-8810-4ba0-a6d9-6dfb08357921', 'Как я могу добавить 1% счастья в твою жизнь?', null),
       ('dfd8cf5e-ce27-4fcf-8fc5-e299f74d561c', '6b09da44-8810-4ba0-a6d9-6dfb08357921', 'Скажи три правдивых высказывания о нас. Например, "Сейчас мы оба чувствуем..."', null),
       ('5ebdc1fa-c1bb-4bbb-9652-f035bb8c1143', '6b09da44-8810-4ba0-a6d9-6dfb08357921', 'Когда ты в последний раз плакал(а) перед другим человеком? А в одиночестве?', null),
       ('6e3f717d-ab33-4288-9923-096948df8745', '6b09da44-8810-4ba0-a6d9-6dfb08357921', 'Каким способом лучше всего показать свою любовь к кому-то?', null);

INSERT INTO questions
values ('56b48af3-8d0a-41a3-a7c1-ceaff7ab69cb', '87bf97a3-9e60-438b-adff-a846c2830569', 'Как ты думаешь, что самое сложное в том деле, которым я зарабатываю себе на жизнь?', 'Отвечает человек слева'),
       ('fb735152-c8a6-40d2-8398-679fd70ef96c', '87bf97a3-9e60-438b-adff-a846c2830569', 'Что было первое, что ты заметил(а) во мне?', 'Отвечает человек слева'),
       ('45e03ee5-eb0e-4f39-900e-3a4b8cc3756b', '87bf97a3-9e60-438b-adff-a846c2830569', 'Если бы ты покупал(а) мне подарок, зная только как я выгляжу, что бы это было?', 'Отвечает человек слева'),
       ('4b4b0058-656c-470d-8fc1-adef2f89151c', '87bf97a3-9e60-438b-adff-a846c2830569', 'Как ты думаешь, растения у меня дома цветут или умирают? Объясни почему.', 'Отвечает человек слева'),
       ('66368160-4025-4921-9cdf-cc252779894b', '87bf97a3-9e60-438b-adff-a846c2830569', 'Я выгляжу добрым(ой)? Почему, или почему нет?', 'Отвечает человек слева'),
       ('dfbe2bc7-9c26-48f1-9255-f2f0e704204f', '87bf97a3-9e60-438b-adff-a846c2830569', 'Как тебе кажется, у меня более творческий или аналитический склад ума? Почему?', 'Отвечает человек слева'),
       ('765a60e3-f11d-4798-b9f5-67e65162aa3c', '87bf97a3-9e60-438b-adff-a846c2830569', 'Я похож(а) на человека, который сделал бы татуировку чьего-то имени? Почему?', 'Отвечает человек слева'),
       ('f1452c8f-9979-4f00-a290-ee403360f254', '87bf97a3-9e60-438b-adff-a846c2830569', 'Закончите предложение: Просто взглянув на тебя, я бы подумал(а)...', 'Отвечает человек слева'),
       ('fa38c920-10bd-4b17-9515-1f8a42f7bc60', '87bf97a3-9e60-438b-adff-a846c2830569', 'Что моя обувь говорит тебе обо мне?', 'Отвечает человек слева'),
       ('493cf21f-dca4-49ad-b9b7-48351f8c1f3f', '87bf97a3-9e60-438b-adff-a846c2830569', 'Как ты думаешь, меня когда-нибудь увольняли с работы? Если да, то за что?', 'Отвечает человек слева'),
       ('2a6515a2-6eb5-41d3-9336-3a0c60f3a3cf', '87bf97a3-9e60-438b-adff-a846c2830569', 'Каково было твое первое впечатление обо мне?', 'Отвечает человек слева'),
       ('8b7d8f72-9789-4d64-b7cc-1eff321dcaf4', '87bf97a3-9e60-438b-adff-a846c2830569', 'Сделай предположение обо мне', 'Отвечает человек слева'),
       ('512da620-342b-4d1a-b4a3-040cf89da5df', '87bf97a3-9e60-438b-adff-a846c2830569', 'Что тебя во мне интригует?', 'Отвечает человек слева'),
       ('14eb6b09-92ac-4f09-ac8f-daddfa5a213d', '87bf97a3-9e60-438b-adff-a846c2830569', 'Как ты думаешь, кем я хотел(а) стать в детстве?', 'Отвечает человек слева'),
       ('0968a352-3702-4cbc-8652-3c17cc954141', '87bf97a3-9e60-438b-adff-a846c2830569', 'О чем ты думаешь смотря на меня?', 'Отвечает человек справа'),
       ('42474114-ed91-45d8-9a7d-e6d6b56404c8', '87bf97a3-9e60-438b-adff-a846c2830569', 'Как ты думаешь, я был(а) популярен(на) в школе? Объясни почему?', 'Отвечает человек справа'),
       ('20602fcb-a9f1-4fe7-a42a-6834c4123d9d', '87bf97a3-9e60-438b-adff-a846c2830569', 'Как ты думаешь, сколько штрафов я получал(а) в своей жизни?', 'Отвечает человек справа'),
       ('35f0c3ef-4906-46d3-9df1-e16cb6806e71', '87bf97a3-9e60-438b-adff-a846c2830569', 'Как ты думаешь, легко ли я влюбляюсь? Почему или почему нет?', 'Отвечает человек справа'),
       ('d6c3f47d-6e3a-4ed1-8b32-43e19ebb61c0', '87bf97a3-9e60-438b-adff-a846c2830569', 'Как ты думаешь, какой комплимент я слышу чаще всего?', 'Отвечает человек справа'),
       ('63663d4b-29b5-4591-9e93-efc6de9a54b8', '87bf97a3-9e60-438b-adff-a846c2830569', 'Как ты думаешь, я когда-либо проверял(а) переписки партнера?', 'Отвечает человек справа'),
       ('08e33719-0c73-48a2-b30e-a56e92637f91', '87bf97a3-9e60-438b-adff-a846c2830569', 'Как ты думаешь, какой предмет в школе был моим любимым? А какой я не любил(а)?', 'Отвечает человек справа'),
       ('76c00cb0-47c4-4a9a-bace-6ded66221ed5', '87bf97a3-9e60-438b-adff-a846c2830569', 'Как ты думаешь, я предпочитаю чай, или кофе? С сахаром, или без?', 'Отвечает человек справа'),
       ('385c4b17-c5dc-4409-a384-dcbb54ed5afa', '87bf97a3-9e60-438b-adff-a846c2830569', 'Как ты думаешь, когда я был ребенком, кем мне хотелось стать?', 'Отвечает человек справа'),
       ('59f4ade5-9f71-4b8a-91f2-b0787a22f89a', '87bf97a3-9e60-438b-adff-a846c2830569', 'Как тебе кажется, я жаворонок или сова?', 'Отвечает человек справа'),
       ('bab4be1c-634a-47b2-bc40-db9a9e111fb1', '87bf97a3-9e60-438b-adff-a846c2830569', 'Как ты думаешь, я был(а) популярен(на) в школе? Объясни почему', 'Отвечает человек справа'),
       ('2a2f5435-af61-492d-9cb8-59bc4fa16b08', '87bf97a3-9e60-438b-adff-a846c2830569', 'Как ты думаешь, я чаще опаздываю, или прихожу вовремя? Объясни почему', 'Отвечает человек справа'),
       ('31e4a4a8-9784-42c2-aaee-d59e7fbb97a3', '87bf97a3-9e60-438b-adff-a846c2830569', 'Я похож(а) на кого-то из твоих знакомых?', 'Отвечает человек справа'),
       ('256fa8c2-1062-4141-b5dd-98b5d1e5a766', '87bf97a3-9e60-438b-adff-a846c2830569', 'Как ты думаешь, на что я готов потратить много денег?', 'Отвечает человек справа'),
       ('3a69eba7-e218-4f35-a010-af55b9cff5ab', '87bf97a3-9e60-438b-adff-a846c2830569', 'Внимательно посмотрите друг другу в глаза и опишите глаза собеседника', 'Отвечает человек справа'),
       ('f9e4d9a5-35e9-485f-8f3d-e16b1d4de5f8', '87bf97a3-9e60-438b-adff-a846c2830569', 'Ты обычно коннектишься с такими как я?', 'Отвечает человек напротив'),
       ('ace067f3-a140-4140-a383-a62113ba0bbb', '87bf97a3-9e60-438b-adff-a846c2830569', 'Пугает ли тебя что-то во мне? Почему или почему нет?', 'Отвечает человек напротив'),
       ('1108d964-c118-4117-8104-22fba401f9d6', '87bf97a3-9e60-438b-adff-a846c2830569', 'Какая строчка из любимых песен приходит тебе в голову прямо сейчас?', 'Отвечает человек напротив'),
       ('fde9651f-8913-4ad0-b6b3-cabbc8ed3c75', '87bf97a3-9e60-438b-adff-a846c2830569', 'Запиши свою главную цель на следующий месяц. Сравни с целью собеседника.', 'Отвечает человек напротив'),
       ('9e1af478-0170-44ce-b230-1425546ce0e2', '87bf97a3-9e60-438b-adff-a846c2830569', 'Как ты думаешь, я был(а) когда-то влюблен(а)?', 'Отвечает человек напротив'),
       ('46d22a5c-7fc2-47bd-aa3d-34f36cbda268', '87bf97a3-9e60-438b-adff-a846c2830569', 'Как ты думаешь, есть ли типаж людей, который мне нравится. Какой он?', 'Отвечает человек напротив'),
       ('22d72e1c-baf7-449c-8e75-231431f4a932', '87bf97a3-9e60-438b-adff-a846c2830569', 'Как ты думаешь, каким(ой) я был(а) в школе?', 'Отвечает человек напротив'),
       ('f4c534fc-5948-422f-99cb-f7afea4ca881', '87bf97a3-9e60-438b-adff-a846c2830569', 'Как ты думаешь, что значит мое имя?', 'Отвечает человек напротив'),
       ('01838df2-cd03-4a81-a8b9-1fa487a4aa9f', '87bf97a3-9e60-438b-adff-a846c2830569', 'Что во мне ты заметил(а) в первую очередь?', 'Отвечает человек напротив'),
       ('4c58ab7e-1366-417f-8d93-2046109a865e', '87bf97a3-9e60-438b-adff-a846c2830569', 'Ты хотел(а) бы стать известным(ой)? Каким образом?', 'Отвечает человек напротив'),
       ('216c870d-3a48-4440-af1e-46291d4ff9a6', '87bf97a3-9e60-438b-adff-a846c2830569', 'За что в твоей жизни ты чувствуешь себя больше всего благодарным(ой)?', 'Отвечает человек напротив'),
       ('e269d930-3f32-4506-b96e-36ecb7987e86', '87bf97a3-9e60-438b-adff-a846c2830569', 'Если бы ты мог(ла) изменить что-нибудь в том, как тебя воспитывали, что бы это было?', 'Отвечает человек напротив'),
       ('6932512c-2954-4765-afac-69c9f5c01d9a', '87bf97a3-9e60-438b-adff-a846c2830569', 'Из чего состоит твой идеальный день?', 'Отвечает человек напротив'),
       ('b145002f-342f-4176-a1e9-b5a5c4cb5714', '87bf97a3-9e60-438b-adff-a846c2830569', 'Когда ты в последний раз пел(а) для себя? А для кого-то другого?', 'Отвечает человек напротив'),
       ('d4ede16a-e51f-405e-bf60-c45b63700d04', 'ea69befb-0585-4ada-9b5e-7bf905b53975', 'Что было твоим счастливейшим воспоминанием за последний год?', 'Отвечает человек справа'),
       ('a04d3764-7c73-4988-af23-452a9dd1e3e9', 'ea69befb-0585-4ada-9b5e-7bf905b53975', 'Ты изменил(а) свое мнение о чем-нибудь в последнее время?', 'Отвечает человек справа'),
       ('db3d267f-396b-444e-90bb-094155e390c1', 'ea69befb-0585-4ada-9b5e-7bf905b53975', 'Какое твое самое раннее воспоминание о счастье?', 'Отвечает человек справа'),
       ('954dc01d-b346-474e-82dd-12d353bef600', 'ea69befb-0585-4ada-9b5e-7bf905b53975', 'От какой привычки ты отчаивался(лась) дольше всего?', 'Отвечает человек справа'),
       ('f5a78497-704d-45da-8b1a-9590167120b2', 'ea69befb-0585-4ada-9b5e-7bf905b53975', 'Ты лжешь себе о чем-нибудь?', 'Отвечает человек справа'),
       ('b7037ad8-9655-48de-9c1b-67a577cda6da', 'ea69befb-0585-4ada-9b5e-7bf905b53975', 'На какие вопросы ты пытаешься ответить в своей жизни прямо сейчас?', 'Отвечает человек справа'),
       ('c232d10f-724d-403c-859d-6d35f828129a', 'ea69befb-0585-4ada-9b5e-7bf905b53975', 'Когда в последний раз ты удивлялся себе?', 'Отвечает человек справа'),
       ('c66dd58e-e02d-4061-8aae-e92400041bb8', 'ea69befb-0585-4ada-9b5e-7bf905b53975', 'Какое название ты бы дал(а) этой главе в своей жизни?', 'Отвечает человек справа'),
       ('33423574-0182-455e-a0e7-c2575c462277', 'ea69befb-0585-4ada-9b5e-7bf905b53975', 'Чего бы тебе сейчас хотелось больше всего?', 'Отвечает человек справа'),
       ('5111e13c-2749-4188-b450-e358f7003946', 'ea69befb-0585-4ada-9b5e-7bf905b53975', 'Закончи предложение: Незнакомцы описали бы меня, как ..., но только знаю, что я ...', 'Отвечает человек справа'),
       ('b01c9837-e6a4-4b72-b751-780cbfaeb763', 'ea69befb-0585-4ada-9b5e-7bf905b53975', 'Какую самую сильную нефизическую боль ты переживал(а)?', 'Отвечает человек справа'),
       ('c070f365-02f0-434a-a385-bcd4fb071c42', 'ea69befb-0585-4ada-9b5e-7bf905b53975', 'Был ли случай, когда незнакомец изменил твою жизнь?', 'Отвечает человек справа'),
       ('f841f59b-da24-4f70-9474-548fd030840a', 'ea69befb-0585-4ada-9b5e-7bf905b53975', 'Как звали твою первую любовь и почему ты влюбился(лась) в него/нее?', 'Отвечает человек справа'),
       ('b1a30370-25f5-4f6a-86da-61db3c9a90d9', 'ea69befb-0585-4ada-9b5e-7bf905b53975', 'Как бы ты описал(а) ощущение влюбленности одним словом?', 'Отвечает человек слева'),
       ('87013f78-b206-49e4-a172-4ebd3c4fb8c2', 'ea69befb-0585-4ada-9b5e-7bf905b53975', 'Чего ты больше боишься: провала или успеха и почему?', 'Отвечает человек слева'),
       ('097cda23-c561-4549-9c0c-b22d3e884aa5', 'ea69befb-0585-4ada-9b5e-7bf905b53975', 'От какой мечты ты отказался(лась)?', 'Отвечает человек слева'),
       ('b9869947-16f6-4102-87eb-ab8dc7e2ad8b', 'ea69befb-0585-4ada-9b5e-7bf905b53975', 'Если бы вы могли узнать кого-то в своей жизни на более глубоком уровне, кто бы это был и почему?', 'Отвечает человек слева'),
       ('52b208fb-001d-4307-907d-9648391bed54', 'ea69befb-0585-4ada-9b5e-7bf905b53975', 'Как зовут твою маму, и что самое прекрасное в ней?', 'Отвечает человек слева'),
       ('33322e61-2bd2-4f0e-9b47-f63d3206dcb2', 'ea69befb-0585-4ada-9b5e-7bf905b53975', 'Какая часть твоей жизни работает хорошо, а какая страдает?', 'Отвечает человек слева'),
       ('6abf82c0-eb12-4517-b5eb-8c7c6df68bdc', 'ea69befb-0585-4ada-9b5e-7bf905b53975', 'Как ты можешь стать лучшей версией себя?', 'Отвечает человек слева'),
       ('784612b4-0115-429d-b03e-4fa3a022f793', 'ea69befb-0585-4ada-9b5e-7bf905b53975', 'Ты по кому-нибудь сейчас скучаешь? Как ты думаешь они скучают по тебе?', 'Отвечает человек слева'),
       ('1f88cdff-96d7-4f8a-ad8b-ec26b20a7ab1', 'ea69befb-0585-4ada-9b5e-7bf905b53975', 'Как ты думаешь, в какой фаст-фуд ресторан я скорее всего пойду? Что я скорее всего закажу?', 'Отвечает человек слева'),
       ('5622c1c3-d632-4034-8291-c551678e2024', 'ea69befb-0585-4ada-9b5e-7bf905b53975', 'Чем я могу отталкивать людей?', 'Отвечает человек слева'),
       ('916681a4-7e67-4320-a573-95844dfc7a3c', 'ea69befb-0585-4ada-9b5e-7bf905b53975', 'Когда тебя спрашивают как дела, как часто ты отвечаешь правдиво?', 'Отвечает человек слева'),
       ('e040ece5-d025-4397-8ed3-d68791faa1d8', 'ea69befb-0585-4ada-9b5e-7bf905b53975', 'Как твои дела? А на самом деле?', 'Отвечает человек слева'),
       ('acbfb7e8-f5de-4370-a404-75742b262ef9', 'ea69befb-0585-4ada-9b5e-7bf905b53975', 'Что самое необычное, что случалось с тобой?', 'Отвечает человек слева'),
       ('72b04a70-808e-48a5-9c85-c470210b3bde', 'ea69befb-0585-4ada-9b5e-7bf905b53975', 'Как зовут твоего отца? Расскажи мне одну вещь о нем', 'Отвечает человек напротив'),
       ('d2c93c1c-cfb0-4126-912a-515ec8c3ea45', 'ea69befb-0585-4ada-9b5e-7bf905b53975', 'Если бы ты мог(ла) быть где угодно и делать что угодно - где бы ты был(а) и что бы ты делал(а)?', 'Отвечает человек напротив'),
       ('a7f16801-e2cb-40dc-ae87-d54bbfef3ae7', 'ea69befb-0585-4ada-9b5e-7bf905b53975', 'Опиши свой идеальный день', 'Отвечает человек напротив'),
       ('c12a9a35-dbce-42fa-965b-976bede31a30', 'ea69befb-0585-4ada-9b5e-7bf905b53975', 'Какой совет ты бы дал(а) себе из прошлого?', 'Отвечает человек напротив'),
       ('ea3042f6-0df5-4562-acc4-71e092ff47c7', 'ea69befb-0585-4ada-9b5e-7bf905b53975', 'На сколько лет ты себя ощущаешь?', 'Отвечает человек напротив'),
       ('f6dfbe10-df49-4ef0-a199-910b16006fa4', 'ea69befb-0585-4ada-9b5e-7bf905b53975', 'Что самое неловкое случалось с тобой на свидании?', 'Отвечает человек напротив'),
       ('fc686027-ec08-4e6c-9a38-924098a94dc8', 'ea69befb-0585-4ada-9b5e-7bf905b53975', 'Что бы ты мог(ла) сделать лучше в предыдущих отношениях?', 'Отвечает человек напротив'),
       ('2924a65a-8bc3-46ec-a0e5-d4815d082823', 'ea69befb-0585-4ada-9b5e-7bf905b53975', 'Есть ли у тебя образ, от которого ты бы хотел избавиться?', 'Отвечает человек напротив'),
       ('b820d003-53a3-4c88-a544-f19d6459be6e', 'ea69befb-0585-4ada-9b5e-7bf905b53975', 'Чему люди, которые тебя воспитывали, научили тебя о любви?', 'Отвечает человек напротив'),
       ('b7466156-83fb-43c2-b3ea-b8ce73867575', 'ea69befb-0585-4ada-9b5e-7bf905b53975', 'Опиши свое идеальное свидание', 'Отвечает человек напротив'),
       ('c6c1ab08-9edc-47b4-82bd-1c5d4a3ddd62', 'ea69befb-0585-4ada-9b5e-7bf905b53975', 'Чему ты научился(лась) в романтических отношениях? Чему ты научился(лась), когда был(а) один(на)?', 'Отвечает человек напротив'),
       ('3f91996a-fce9-406c-adb2-5dcea0915f2c', 'ea69befb-0585-4ada-9b5e-7bf905b53975', 'Какой вопрос ты бы хотел(а), чтобы тебя чаще спрашивали?', 'Отвечает человек напротив'),
       ('72d37787-f354-4d4f-8c5e-d42d928dcfe7', 'ea69befb-0585-4ada-9b5e-7bf905b53975', 'Чем ты страстно увлекаешься?', 'Отвечает человек напротив'),
       ('62127e7c-984e-4fca-b730-1cfe3a5518fd', 'ea69befb-0585-4ada-9b5e-7bf905b53975', 'Чему в данный момент ты уделяешь недостаточно времени?', 'Отвечает человек напротив'),
       ('72b81adf-57a8-4ea1-bfb9-85ddbb14106e', '2afed974-5981-4de8-83e3-239cffb164da', 'После нашего разговора. какую книгу ты бы посоветовал(а) мне почитать?', 'Отвечает человек справа'),
       ('1bbba8bd-26b8-4ae5-a57d-6a001e341ea2', '2afed974-5981-4de8-83e3-239cffb164da', 'Что во мне тебя удивило?', 'Отвечает человек справа'),
       ('a6b06221-88df-4439-80ba-2ad74ebbe7dc', '2afed974-5981-4de8-83e3-239cffb164da', 'Как ты думаешь какая у меня суперспособность?', 'Отвечает человек справа'),
       ('64df7690-6d74-4d70-beb4-5b84a8ec13a1', '2afed974-5981-4de8-83e3-239cffb164da', 'Как ты думаешь, какие наши самые важные сходства?', 'Отвечает человек справа'),
       ('82e68d30-b5de-4d25-bc96-41603b19de3a', '2afed974-5981-4de8-83e3-239cffb164da', 'Как ты думаешь, какую одну вещь я могу сделать, чтобы значительно улучшить свою жизнь?', 'Отвечает человек справа'),
       ('cf9a6c42-28e6-450a-9e50-834cb2f4b208', '2afed974-5981-4de8-83e3-239cffb164da', 'Что было бы идеальным подарком для меня?', 'Отвечает человек справа'),
       ('c31bf1ed-624e-4c29-b015-079b4c146d84', '2afed974-5981-4de8-83e3-239cffb164da', 'Как бы ты описал(а) меня незнакомцу(ке)?', 'Отвечает человек справа'),
       ('3184cde4-c20a-4324-ac2a-b1f9ceeddff4', '2afed974-5981-4de8-83e3-239cffb164da', 'Что мне нужно услышать прямо сейчас?', 'Отвечает человек справа'),
       ('80c0782b-7593-406b-87ab-3fa746a7c5c9', '2afed974-5981-4de8-83e3-239cffb164da', 'Какой урок ты вынес(ла) из нашего разговора?', 'Отвечает человек справа'),
       ('1daa2943-6e42-448e-9929-4475eb6bc986', '2afed974-5981-4de8-83e3-239cffb164da', 'Чем я могу тебе помочь?', 'Отвечает человек справа'),
       ('9f937b1b-c84e-42b3-91e7-ed0be7e20e7f', '2afed974-5981-4de8-83e3-239cffb164da', 'Как ты думаешь, чего я боюсь больше всего?', 'Отвечает человек справа'),
       ('a53db527-f41b-4798-91a0-ddc8f0eac291', '2afed974-5981-4de8-83e3-239cffb164da', 'Как ты думаешь, о чем я могу давать советы?', 'Отвечает человек справа'),
       ('556751f5-9d5e-46bb-aef0-e8b5045c2781', '2afed974-5981-4de8-83e3-239cffb164da', 'Что тебе труднее всего понять во мне?', 'Отвечает человек справа'),
       ('fd34813d-8677-4c0c-ae7f-0f84144af862', '2afed974-5981-4de8-83e3-239cffb164da', 'Если бы мы были музыкальной группой, как бы мы назывались?', 'Отвечает человек справа'),
       ('49840691-1fe2-49c8-b25a-cdd6a9ff3966', '2afed974-5981-4de8-83e3-239cffb164da', 'Признайся в чем-то', 'Отвечает человек справа'),
       ('d51012fa-02b9-4f4b-865f-6f42cd1610cc', '2afed974-5981-4de8-83e3-239cffb164da', 'Какие части себя ты видишь во мне?', 'Отвечает человек справа'),
       ('59ffc567-2cfb-41d9-a25c-c794433e81b7', '2afed974-5981-4de8-83e3-239cffb164da', 'Что помогает тебе раскрыться перед другим человеком?', 'Отвечает человек слева'),
       ('7e439092-e6f3-4ea1-b2fe-0f30e21ff368', '2afed974-5981-4de8-83e3-239cffb164da', 'Что ты посоветуешь мне отпустить?', 'Отвечает человек слева'),
       ('8d63798f-6373-4fc8-8860-f68a06d6b9fb', '2afed974-5981-4de8-83e3-239cffb164da', 'Чему этот разговор научил тебя о себе?', 'Отвечает человек слева'),
       ('3e066b06-ba7a-4114-b509-cc632b688005', '2afed974-5981-4de8-83e3-239cffb164da', 'Как ты думаешь, какая моя самая определяющая черта характера?', 'Отвечает человек слева'),
       ('de121292-97bc-4e4b-a82b-cb4d34dc7ff2', '2afed974-5981-4de8-83e3-239cffb164da', 'На какой вопрос тебе было сложнее всего ответить?', 'Отвечает человек слева'),
       ('7d99635a-1554-47e1-a4e6-aed2b7c0f30e', '2afed974-5981-4de8-83e3-239cffb164da', 'Как ты думаешь, почему мы встретились?', 'Отвечает человек слева'),
       ('a1ca780a-3b8c-468c-992f-7963497ff260', '2afed974-5981-4de8-83e3-239cffb164da', 'После нашего разговора что ты будешь помнить обо мне?', 'Отвечает человек слева'),
       ('ce388605-1d8a-4e42-a4f9-afa968e4a4a2', '2afed974-5981-4de8-83e3-239cffb164da', 'Как ты думаешь в чем моя слабость?', 'Отвечает человек слева'),
       ('8556efd3-af6c-4e78-b786-81b383920cb8', '2afed974-5981-4de8-83e3-239cffb164da', 'Как наши личности дополняют друг друга?', 'Отвечает человек слева'),
       ('5c6bb189-b6f2-4f6a-b5a5-13a5683c3d1b', '2afed974-5981-4de8-83e3-239cffb164da', 'Как ты думаешь, что я должен знать о себе, чего, возможно, я не знаю?', 'Отвечает человек слева'),
       ('0e791cc6-75b1-433d-9b57-c7d3b5a84829', '2afed974-5981-4de8-83e3-239cffb164da', 'Как бы ты почувствовал(а) себя ближе ко мне?', 'Отвечает человек слева'),
       ('320870f3-1ef5-4810-9963-764d0517ddcb', '2afed974-5981-4de8-83e3-239cffb164da', 'Опиши как ты чувствуешь себя прямо сейчас одним словом', 'Отвечает человек слева'),
       ('abba2871-000b-4f97-8c88-8cd1a8a097e5', '2afed974-5981-4de8-83e3-239cffb164da', 'Веришь ли ты, что у каждого человека есть призвание? Если это так, как ты думаешь, я нашел(ла) свое?', 'Отвечает человек слева'),
       ('f3a14254-7012-4c49-b32f-cba737320a74', '2afed974-5981-4de8-83e3-239cffb164da', 'Что мы можем создать вместе?', 'Отвечает человек слева'),
       ('0a5af0c8-6dd3-4ed7-a308-a030b6eb6f4e', '2afed974-5981-4de8-83e3-239cffb164da', 'Какой мой ответ дал тебе инсайт о себе?', 'Отвечает человек слева'),
       ('b203f7ff-f96a-4fbe-a0b3-dec28e1ed1e9', '2afed974-5981-4de8-83e3-239cffb164da', 'Что не в моей внешности привлекает тебя больше всего?', 'Отвечает человек слева'),
       ('0f319c9f-2ab1-4082-9410-a44ea0a42085', '2afed974-5981-4de8-83e3-239cffb164da', 'Совпали ли первые впечатления от меня с тем, как я раскрывался(лась) в течение нашего разговора?', 'Отвечает человек напротив'),
       ('93ee53b6-6428-4dfc-b38e-92d66f5af5d8', '2afed974-5981-4de8-83e3-239cffb164da', 'Что тебя больше всего восхищает во мне?', 'Отвечает человек напротив'),
       ('e3df6972-79ff-4618-8ad1-0c5bbe995a48', '2afed974-5981-4de8-83e3-239cffb164da', 'Как бы ты описал меня незнакомцу?', 'Отвечает человек напротив'),
       ('76d430c1-570c-4bf3-874d-b86c51b200da', '2afed974-5981-4de8-83e3-239cffb164da', 'Чему я могу научить тебя?', 'Отвечает человек напротив'),
       ('6384dce2-59bb-4db5-93ed-464876265a64', '2afed974-5981-4de8-83e3-239cffb164da', 'Что бы ты хотел(а) узнать от меня?', 'Отвечает человек напротив'),
       ('645d6d33-cc39-4ce7-be4e-49c8ce62e3f7', '2afed974-5981-4de8-83e3-239cffb164da', 'Что во мне больше всего удивило тебя?', 'Отвечает человек напротив'),
       ('7b368f83-8c3d-46f2-b029-a8139a3a1faa', '2afed974-5981-4de8-83e3-239cffb164da', 'Чем я могу тебе помочь?', 'Отвечает человек напротив'),
       ('a5f6eb96-9226-483e-9af2-31525c18e7ae', '2afed974-5981-4de8-83e3-239cffb164da', 'О ком ты часто  думаешь в последнее время? Придумай, как дать им знать, что ты думаешь о них', 'Отвечает человек напротив'),
       ('d8a9b4e5-a78a-4229-ab50-04381c6dea27', '2afed974-5981-4de8-83e3-239cffb164da', 'Как бы ты описал(а) наш разговор в двух словах?', 'Отвечает человек напротив'),
       ('531b89b1-8a27-40d8-ab50-541a6799cdaa', '2afed974-5981-4de8-83e3-239cffb164da', 'Чему в твоей жизни сегодня не поверил бы ты из прошлого?', 'Отвечает человек напротив'),
       ('8b6ce1ee-778e-4c8e-bd7e-903edfebaccd', '2afed974-5981-4de8-83e3-239cffb164da', 'Как наши характеры дополняют друг друга?', 'Отвечает человек напротив'),
       ('920d509f-967a-48ef-8f93-521ce703e0e6', '2afed974-5981-4de8-83e3-239cffb164da', 'Как ты думаешь, совпадает ли то, как видят тебя другие люди с тем, какой(а)я ты есть на самом деле?', 'Отвечает человек напротив'),
       ('d1c6d552-0044-44f5-a060-f29d91df52ef', '2afed974-5981-4de8-83e3-239cffb164da', 'Как я могу добавить 1% счастья в твою жизнь?', 'Отвечает человек напротив'),
       ('681b10af-4e74-4a01-9503-d3b0cbf801e2', '2afed974-5981-4de8-83e3-239cffb164da', 'Скажи три правдивых высказывания о нас. Например, "Сейчас мы оба чувствуем..."', 'Отвечает человек напротив'),
       ('59575568-be73-4d4a-b2c8-a7a37d30edd6', '2afed974-5981-4de8-83e3-239cffb164da', 'Когда ты в последний раз плакал(а) перед другим человеком? А в одиночестве?', 'Отвечает человек напротив'),
       ('f0543314-ee90-4c41-9298-059454e6bc8a', '2afed974-5981-4de8-83e3-239cffb164da', 'Каким способом лучше всего показать свою любовь к кому-то?', 'Отвечает человек напротив');

INSERT INTO questions
values ('8f3c1b23-14d0-415f-865a-142f3449f349', 'eb1d9bdf-12e0-469e-8197-eebcd9107090', 'Как ты думаешь, что самое сложное в том деле, которым я зарабатываю себе на жизнь?', 'Отвечает человек слева'),
       ('61317a22-80d0-4820-b7a3-5e689e975f50', 'eb1d9bdf-12e0-469e-8197-eebcd9107090', 'Что было первое, что ты заметил(а) во мне?', 'Отвечает человек слева'),
       ('44785bd0-ae6f-48c5-af80-de1e14eab35e', 'eb1d9bdf-12e0-469e-8197-eebcd9107090', 'Если бы ты покупал(а) мне подарок, зная только как я выгляжу, что бы это было?', 'Отвечает человек слева'),
       ('40c44535-54e5-456a-b5c5-0cc80fa5d361', 'eb1d9bdf-12e0-469e-8197-eebcd9107090', 'Как ты думаешь, растения у меня дома цветут или умирают? Объясни почему.', 'Отвечает человек слева'),
       ('baad15d1-e173-4c50-8b46-309e06934bc8', 'eb1d9bdf-12e0-469e-8197-eebcd9107090', 'Я выгляжу добрым(ой)? Почему, или почему нет?', 'Отвечает человек слева'),
       ('de028f15-d8b2-4322-a35e-7141a97c0d60', 'eb1d9bdf-12e0-469e-8197-eebcd9107090', 'Как тебе кажется, у меня более творческий или аналитический склад ума? Почему?', 'Отвечает человек слева'),
       ('5870bb3e-0dfa-49d8-93de-4d24357ae5b1', 'eb1d9bdf-12e0-469e-8197-eebcd9107090', 'Я похож(а) на человека, который сделал бы татуировку чьего-то имени? Почему?', 'Отвечает человек слева'),
       ('9b5a88a8-59bc-4800-9fe9-9e2218d3fe27', 'eb1d9bdf-12e0-469e-8197-eebcd9107090', 'Закончите предложение: Просто взглянув на тебя, я бы подумал(а)...', 'Отвечает человек слева'),
       ('73754297-7915-4d06-bf7b-0a302a975234', 'eb1d9bdf-12e0-469e-8197-eebcd9107090', 'Что моя обувь говорит тебе обо мне?', 'Отвечает человек слева'),
       ('d1794376-d0f7-40dc-aeeb-e92a05b28bf3', 'eb1d9bdf-12e0-469e-8197-eebcd9107090', 'Как ты думаешь, меня когда-нибудь увольняли с работы? Если да, то за что?', 'Отвечает человек слева'),
       ('5ed61f3a-fb13-476a-98ca-e369a0488711', 'eb1d9bdf-12e0-469e-8197-eebcd9107090', 'Каково было твое первое впечатление обо мне?', 'Отвечает человек слева'),
       ('b7bcf0b0-3a4e-4125-8c55-e4d0335557f3', 'eb1d9bdf-12e0-469e-8197-eebcd9107090', 'Сделай предположение обо мне', 'Отвечает человек слева'),
       ('dfe9fbd3-2764-41e8-a114-f3c4f1045907', 'eb1d9bdf-12e0-469e-8197-eebcd9107090', 'Что тебя во мне интригует?', 'Отвечает человек слева'),
       ('2d7f6371-8f04-482e-b455-6760320e9024', 'eb1d9bdf-12e0-469e-8197-eebcd9107090', 'Как ты думаешь, кем я хотел(а) стать в детстве?', 'Отвечает человек слева'),
       ('68b9e6d9-f448-4b84-a390-0dd68fe4caf3', 'eb1d9bdf-12e0-469e-8197-eebcd9107090', 'О чем ты думаешь смотря на меня?', 'Отвечает человек справа'),
       ('5f43627c-2af4-4a72-9f2f-33e8001ab700', 'eb1d9bdf-12e0-469e-8197-eebcd9107090', 'Как ты думаешь, я был(а) популярен(на) в школе? Объясни почему?', 'Отвечает человек справа'),
       ('b8a9b191-5245-456a-bdf1-884f84a4f88b', 'eb1d9bdf-12e0-469e-8197-eebcd9107090', 'Как ты думаешь, сколько штрафов я получал(а) в своей жизни?', 'Отвечает человек справа'),
       ('012296ff-4ba7-4d52-86e3-e60aa5ebca73', 'eb1d9bdf-12e0-469e-8197-eebcd9107090', 'Как ты думаешь, легко ли я влюбляюсь? Почему или почему нет?', 'Отвечает человек справа'),
       ('74262200-5e2b-471c-96ea-84107ec4e2a2', 'eb1d9bdf-12e0-469e-8197-eebcd9107090', 'Как ты думаешь, какой комплимент я слышу чаще всего?', 'Отвечает человек справа'),
       ('fe6dfd54-21af-4e00-a60d-acaf5eff6f8e', 'eb1d9bdf-12e0-469e-8197-eebcd9107090', 'Как ты думаешь, я когда-либо проверял(а) переписки партнера?', 'Отвечает человек справа'),
       ('b34ffd3c-8bc7-412f-8d4d-4362ef461170', 'eb1d9bdf-12e0-469e-8197-eebcd9107090', 'Как ты думаешь, какой предмет в школе был моим любимым? А какой я не любил(а)?', 'Отвечает человек справа'),
       ('ea3b3f43-0607-4d78-8fee-a1ec9bc6383b', 'eb1d9bdf-12e0-469e-8197-eebcd9107090', 'Как ты думаешь, я предпочитаю чай, или кофе? С сахаром, или без?', 'Отвечает человек справа'),
       ('a3c3a06f-d9db-4632-812b-d03ce0e096f0', 'eb1d9bdf-12e0-469e-8197-eebcd9107090', 'Как ты думаешь, когда я был ребенком, кем мне хотелось стать?', 'Отвечает человек справа'),
       ('1837592a-f12b-4a0e-bc99-738155ee4623', 'eb1d9bdf-12e0-469e-8197-eebcd9107090', 'Как тебе кажется, я жаворонок или сова?', 'Отвечает человек справа'),
       ('610f0057-8dda-4b3d-a263-aff5b80958df', 'eb1d9bdf-12e0-469e-8197-eebcd9107090', 'Как ты думаешь, я был(а) популярен(на) в школе? Объясни почему', 'Отвечает человек справа'),
       ('bc01c152-c5ac-4c99-9637-806bafb47789', 'eb1d9bdf-12e0-469e-8197-eebcd9107090', 'Как ты думаешь, я чаще опаздываю, или прихожу вовремя? Объясни почему', 'Отвечает человек справа'),
       ('2caf52bd-be93-4d3b-bc7b-bb2dad8fb555', 'eb1d9bdf-12e0-469e-8197-eebcd9107090', 'Я похож(а) на кого-то из твоих знакомых?', 'Отвечает человек справа'),
       ('ae73afca-6727-4fbd-b594-18973b1a0b79', 'eb1d9bdf-12e0-469e-8197-eebcd9107090', 'Как ты думаешь, на что я готов потратить много денег?', 'Отвечает человек справа'),
       ('f3871fd2-c65d-483e-a140-2feb340422dc', 'eb1d9bdf-12e0-469e-8197-eebcd9107090', 'Внимательно посмотрите друг другу в глаза и опишите глаза собеседника', 'Отвечает человек справа'),
       ('6c9245c5-f499-4216-88af-814214c96fb1', 'eb1d9bdf-12e0-469e-8197-eebcd9107090', 'Ты обычно коннектишься с такими как я?', 'Отвечает человек справа'),
       ('a7724c9a-89a0-4a71-ae15-7b821a7470d7', 'eb1d9bdf-12e0-469e-8197-eebcd9107090', 'Пугает ли тебя что-то во мне? Почему или почему нет?', 'Отвечает человек справа'),
       ('b83f3823-43ef-4f60-9e34-813ed7e6c980', 'eb1d9bdf-12e0-469e-8197-eebcd9107090', 'Какая строчка из любимых песен приходит тебе в голову прямо сейчас?', 'Отвечает человек справа'),
       ('7f0694d0-5b8c-479b-9892-5c0546ea7f8e', 'eb1d9bdf-12e0-469e-8197-eebcd9107090', 'Запиши свою главную цель на следующий месяц. Сравни с целью собеседника.', 'Отвечает человек справа'),
       ('dbc60992-e06b-462e-87dd-2ce0b8967daf', 'eb1d9bdf-12e0-469e-8197-eebcd9107090', 'Как ты думаешь, я был(а) когда-то влюблен(а)?', 'Отвечает человек справа'),
       ('6dc1f8e0-ce38-4426-bdbf-820d85778eef', 'eb1d9bdf-12e0-469e-8197-eebcd9107090', 'Как ты думаешь, есть ли типаж людей, который мне нравится. Какой он?', 'Отвечает человек справа'),
       ('c89c399e-227d-4de8-a488-17ab3dfe5339', 'eb1d9bdf-12e0-469e-8197-eebcd9107090', 'Как ты думаешь, каким(ой) я был(а) в школе?', 'Отвечает человек справа'),
       ('830fadc4-9b29-4c5b-8a99-8ed7337cd93b', 'eb1d9bdf-12e0-469e-8197-eebcd9107090', 'Как ты думаешь, что значит мое имя?', 'Отвечает человек слева'),
       ('7ac0e428-c61d-434f-866d-aa0254598f4d', 'eb1d9bdf-12e0-469e-8197-eebcd9107090', 'Что во мне ты заметил(а) в первую очередь?', 'Отвечает человек слева'),
       ('4331730f-c2e0-4953-88f7-f2183a05ccaf', 'eb1d9bdf-12e0-469e-8197-eebcd9107090', 'Ты хотел(а) бы стать известным(ой)? Каким образом?', 'Отвечает человек слева'),
       ('cb98f2c4-5f56-41be-83b3-40fc502dc02b', 'eb1d9bdf-12e0-469e-8197-eebcd9107090', 'За что в твоей жизни ты чувствуешь себя больше всего благодарным(ой)?', 'Отвечает человек слева'),
       ('ccc4fd44-06d1-4785-9b5e-40d5d0a105fc', 'eb1d9bdf-12e0-469e-8197-eebcd9107090', 'Если бы ты мог(ла) изменить что-нибудь в том, как тебя воспитывали, что бы это было?', 'Отвечает человек слева'),
       ('3fe77e66-2609-4818-acf0-0e442eade3ab', 'eb1d9bdf-12e0-469e-8197-eebcd9107090', 'Из чего состоит твой идеальный день?', 'Отвечает человек слева'),
       ('b72b1806-c929-43e0-a2f9-f8b9b87f718c', 'eb1d9bdf-12e0-469e-8197-eebcd9107090', 'Когда ты в последний раз пел(а) для себя? А для кого-то другого?', 'Отвечает человек слева'),
       ('379c2886-eae2-4e3f-9c58-28fd6d52c17b', '3360a2f9-45ab-4cd5-88ee-0c4e9af4f46c', 'Что было твоим счастливейшим воспоминанием за последний год?', 'Отвечает человек справа'),
       ('517b3afc-804a-4487-a721-eae3b5931213', '3360a2f9-45ab-4cd5-88ee-0c4e9af4f46c', 'Ты изменил(а) свое мнение о чем-нибудь в последнее время?', 'Отвечает человек справа'),
       ('6b9454bd-5367-424a-b05a-69e646d23258', '3360a2f9-45ab-4cd5-88ee-0c4e9af4f46c', 'Какое твое самое раннее воспоминание о счастье?', 'Отвечает человек справа'),
       ('ab15e8d0-4239-4714-9990-c21e12c4f479', '3360a2f9-45ab-4cd5-88ee-0c4e9af4f46c', 'От какой привычки ты отчаивался(лась) дольше всего?', 'Отвечает человек справа'),
       ('13dfe966-985c-4297-8282-b2fda02535f3', '3360a2f9-45ab-4cd5-88ee-0c4e9af4f46c', 'Ты лжешь себе о чем-нибудь?', 'Отвечает человек справа'),
       ('9bbcc12b-1c9e-4905-a525-3510d5e35340', '3360a2f9-45ab-4cd5-88ee-0c4e9af4f46c', 'На какие вопросы ты пытаешься ответить в своей жизни прямо сейчас?', 'Отвечает человек справа'),
       ('2d973a37-dd1d-4399-b710-ca8597e9db9f', '3360a2f9-45ab-4cd5-88ee-0c4e9af4f46c', 'Когда в последний раз ты удивлялся себе?', 'Отвечает человек справа'),
       ('f7ac62c9-d668-44cb-a321-140060e992a1', '3360a2f9-45ab-4cd5-88ee-0c4e9af4f46c', 'Какое название ты бы дал(а) этой главе в своей жизни?', 'Отвечает человек справа'),
       ('f58e0252-6008-45f7-b400-e23711ea8c1e', '3360a2f9-45ab-4cd5-88ee-0c4e9af4f46c', 'Чего бы тебе сейчас хотелось больше всего?', 'Отвечает человек справа'),
       ('0c1e18ef-5eed-4d52-9bca-ce5b6801ae4d', '3360a2f9-45ab-4cd5-88ee-0c4e9af4f46c', 'Закончи предложение: Незнакомцы описали бы меня, как ..., но только знаю, что я ...', 'Отвечает человек справа'),
       ('f1ac17ab-5418-4922-b35e-2961d448c557', '3360a2f9-45ab-4cd5-88ee-0c4e9af4f46c', 'Какую самую сильную нефизическую боль ты переживал(а)?', 'Отвечает человек справа'),
       ('71d0a11a-f756-4662-a024-0a16642e9ecf', '3360a2f9-45ab-4cd5-88ee-0c4e9af4f46c', 'Был ли случай, когда незнакомец изменил твою жизнь?', 'Отвечает человек справа'),
       ('2b5ced32-93f3-4487-be59-4ed9258fb6b4', '3360a2f9-45ab-4cd5-88ee-0c4e9af4f46c', 'Как звали твою первую любовь и почему ты влюбился(лась) в него/нее?', 'Отвечает человек справа'),
       ('0f8cd46a-2324-4078-9f36-95e89b6a5930', '3360a2f9-45ab-4cd5-88ee-0c4e9af4f46c', 'Как бы ты описал(а) ощущение влюбленности одним словом?', 'Отвечает человек слева'),
       ('75a1e0c9-69a0-4ece-990d-9a51385512e1', '3360a2f9-45ab-4cd5-88ee-0c4e9af4f46c', 'Чего ты больше боишься: провала или успеха и почему?', 'Отвечает человек слева'),
       ('5ac0bbd6-9d78-45b1-b5d7-6327a3c483f5', '3360a2f9-45ab-4cd5-88ee-0c4e9af4f46c', 'От какой мечты ты отказался(лась)?', 'Отвечает человек слева'),
       ('b8ba133e-30ae-429d-a890-c1ee05768d42', '3360a2f9-45ab-4cd5-88ee-0c4e9af4f46c', 'Если бы вы могли узнать кого-то в своей жизни на более глубоком уровне, кто бы это был и почему?', 'Отвечает человек слева'),
       ('70a1d6c5-d167-4441-a1cc-a75bf5a790ef', '3360a2f9-45ab-4cd5-88ee-0c4e9af4f46c', 'Как зовут твою маму, и что самое прекрасное в ней?', 'Отвечает человек слева'),
       ('172ec9e8-e084-401b-8617-7a0d21dede7e', '3360a2f9-45ab-4cd5-88ee-0c4e9af4f46c', 'Какая часть твоей жизни работает хорошо, а какая страдает?', 'Отвечает человек слева'),
       ('ac55e15d-077e-42a0-8ec9-417785258e14', '3360a2f9-45ab-4cd5-88ee-0c4e9af4f46c', 'Как ты можешь стать лучшей версией себя?', 'Отвечает человек слева'),
       ('e0df81e3-2b26-45ba-905b-8930fe711e3b', '3360a2f9-45ab-4cd5-88ee-0c4e9af4f46c', 'Ты по кому-нибудь сейчас скучаешь? Как ты думаешь они скучают по тебе?', 'Отвечает человек слева'),
       ('2a6148c8-8c6d-44f7-aef8-2a9a44ef5894', '3360a2f9-45ab-4cd5-88ee-0c4e9af4f46c', 'Как ты думаешь, в какой фаст-фуд ресторан я скорее всего пойду? Что я скорее всего закажу?', 'Отвечает человек слева'),
       ('87c7cf91-1455-4a68-b1d3-abfe04c4e109', '3360a2f9-45ab-4cd5-88ee-0c4e9af4f46c', 'Чем я могу отталкивать людей?', 'Отвечает человек слева'),
       ('c7995959-68f6-40e1-8457-34ab0be06fcb', '3360a2f9-45ab-4cd5-88ee-0c4e9af4f46c', 'Когда тебя спрашивают как дела, как часто ты отвечаешь правдиво?', 'Отвечает человек слева'),
       ('81c8fcb0-1dd8-4af7-a81f-d18f7dae1465', '3360a2f9-45ab-4cd5-88ee-0c4e9af4f46c', 'Как твои дела? А на самом деле?', 'Отвечает человек слева'),
       ('1aec7a3a-777a-4c5b-9944-335e880d5637', '3360a2f9-45ab-4cd5-88ee-0c4e9af4f46c', 'Что самое необычное, что случалось с тобой?', 'Отвечает человек слева'),
       ('5620506e-e346-4753-814f-1e84cd47071a', '3360a2f9-45ab-4cd5-88ee-0c4e9af4f46c', 'Как зовут твоего отца? Расскажи мне одну вещь о нем', 'Отвечает человек справа'),
       ('d0aee199-ae7b-490d-807f-436b1a9c6b14', '3360a2f9-45ab-4cd5-88ee-0c4e9af4f46c', 'Если бы ты мог(ла) быть где угодно и делать что угодно - где бы ты был(а) и что бы ты делал(а)?', 'Отвечает человек справа'),
       ('58ea096e-6740-4a22-8662-1b130fab93db', '3360a2f9-45ab-4cd5-88ee-0c4e9af4f46c', 'Опиши свой идеальный день', 'Отвечает человек справа'),
       ('0bed39a9-967d-437b-9253-a0a1928c3413', '3360a2f9-45ab-4cd5-88ee-0c4e9af4f46c', 'Какой совет ты бы дал(а) себе из прошлого?', 'Отвечает человек справа'),
       ('22673867-4159-4df4-bcfe-072c31f035ea', '3360a2f9-45ab-4cd5-88ee-0c4e9af4f46c', 'На сколько лет ты себя ощущаешь?', 'Отвечает человек справа'),
       ('438e0339-1a41-4253-aa28-d7d0579975b2', '3360a2f9-45ab-4cd5-88ee-0c4e9af4f46c', 'Что самое неловкое случалось с тобой на свидании?', 'Отвечает человек справа'),
       ('5ebedeb0-4b4a-4303-bd15-a47d66d5f8a7', '3360a2f9-45ab-4cd5-88ee-0c4e9af4f46c', 'Что бы ты мог(ла) сделать лучше в предыдущих отношениях?', 'Отвечает человек справа'),
       ('d881cf4e-fea8-4c0f-83b8-ccfeb20e86dd', '3360a2f9-45ab-4cd5-88ee-0c4e9af4f46c', 'Есть ли у тебя образ, от которого ты бы хотел избавиться?', 'Отвечает человек слева'),
       ('e26093c3-8077-4585-a174-810376464219', '3360a2f9-45ab-4cd5-88ee-0c4e9af4f46c', 'Чему люди, которые тебя воспитывали, научили тебя о любви?', 'Отвечает человек слева'),
       ('ecbad11b-777c-41e9-922e-47abf7a9a332', '3360a2f9-45ab-4cd5-88ee-0c4e9af4f46c', 'Опиши свое идеальное свидание', 'Отвечает человек слева'),
       ('4cb376e8-9945-4a69-9cf7-4a6fce00b820', '3360a2f9-45ab-4cd5-88ee-0c4e9af4f46c', 'Чему ты научился(лась) в романтических отношениях? Чему ты научился(лась), когда был(а) один(на)?', 'Отвечает человек слева'),
       ('7517ad62-8e34-40ef-8b51-51f0c031cc5d', '3360a2f9-45ab-4cd5-88ee-0c4e9af4f46c', 'Какой вопрос ты бы хотел(а), чтобы тебя чаще спрашивали?', 'Отвечает человек слева'),
       ('e8f9a1dd-2dc0-4dc8-b15c-f0aa9f8c0027', '3360a2f9-45ab-4cd5-88ee-0c4e9af4f46c', 'Чем ты страстно увлекаешься?', 'Отвечает человек слева'),
       ('9714a1f8-049b-48f4-9a1a-d2bc1935f3ae', '3360a2f9-45ab-4cd5-88ee-0c4e9af4f46c', 'Чему в данный момент ты уделяешь недостаточно времени?', 'Отвечает человек слева'),
       ('0406087a-298f-4b0a-96a4-2b3133d6fc34', '9134eb5e-8898-4e00-92c7-ed9cbd653d78', 'После нашего разговора. какую книгу ты бы посоветовал(а) мне почитать?', 'Отвечает человек справа'),
       ('beeeb7cd-fb5b-422a-be73-da485bcf2878', '9134eb5e-8898-4e00-92c7-ed9cbd653d78', 'Что во мне тебя удивило?', 'Отвечает человек справа'),
       ('2f3ef32d-e691-4444-b928-f0a818621d9d', '9134eb5e-8898-4e00-92c7-ed9cbd653d78', 'Как ты думаешь какая у меня суперспособность?', 'Отвечает человек справа'),
       ('57b9a48b-ed7c-42c1-91f5-69205ceb6eff', '9134eb5e-8898-4e00-92c7-ed9cbd653d78', 'Как ты думаешь, какие наши самые важные сходства?', 'Отвечает человек справа'),
       ('b557b05d-ad2f-4f95-b512-613eaa946821', '9134eb5e-8898-4e00-92c7-ed9cbd653d78', 'Как ты думаешь, какую одну вещь я могу сделать, чтобы значительно улучшить свою жизнь?', 'Отвечает человек справа'),
       ('3fa0c42f-9776-420e-893c-22d1713569d9', '9134eb5e-8898-4e00-92c7-ed9cbd653d78', 'Что было бы идеальным подарком для меня?', 'Отвечает человек справа'),
       ('f642a64b-fd42-45c4-b61d-3fe242312b5c', '9134eb5e-8898-4e00-92c7-ed9cbd653d78', 'Как бы ты описал(а) меня незнакомцу(ке)?', 'Отвечает человек справа'),
       ('6b3c1c3b-3b56-4906-acaf-bcd07fc72beb', '9134eb5e-8898-4e00-92c7-ed9cbd653d78', 'Что мне нужно услышать прямо сейчас?', 'Отвечает человек справа'),
       ('a0d70a80-8c24-4d3a-8e05-d064e796c882', '9134eb5e-8898-4e00-92c7-ed9cbd653d78', 'Какой урок ты вынес(ла) из нашего разговора?', 'Отвечает человек справа'),
       ('cb1e9fe1-d41e-46de-aa2e-938f4c09dd06', '9134eb5e-8898-4e00-92c7-ed9cbd653d78', 'Чем я могу тебе помочь?', 'Отвечает человек справа'),
       ('f5411bbb-1eeb-44fe-8906-3d66816d3cfa', '9134eb5e-8898-4e00-92c7-ed9cbd653d78', 'Как ты думаешь, чего я боюсь больше всего?', 'Отвечает человек справа'),
       ('d3a2b4d7-a422-4690-9f5f-608fc46a232e', '9134eb5e-8898-4e00-92c7-ed9cbd653d78', 'Как ты думаешь, о чем я могу давать советы?', 'Отвечает человек справа'),
       ('1f04a8d7-f51d-470d-85e1-b9ba0f379177', '9134eb5e-8898-4e00-92c7-ed9cbd653d78', 'Что тебе труднее всего понять во мне?', 'Отвечает человек справа'),
       ('ccbdd188-fd8d-45af-a598-26f3f74fffc1', '9134eb5e-8898-4e00-92c7-ed9cbd653d78', 'Если бы мы были музыкальной группой, как бы мы назывались?', 'Отвечает человек справа'),
       ('03faccdc-aed9-4a5e-b58e-709848ef0db8', '9134eb5e-8898-4e00-92c7-ed9cbd653d78', 'Признайся в чем-то', 'Отвечает человек справа'),
       ('cfde628f-3cd3-469d-b04f-96cff090b6a8', '9134eb5e-8898-4e00-92c7-ed9cbd653d78', 'Какие части себя ты видишь во мне?', 'Отвечает человек справа'),
       ('f2394c5b-7858-461f-b78e-d0ad212b3468', '9134eb5e-8898-4e00-92c7-ed9cbd653d78', 'Что помогает тебе раскрыться перед другим человеком?', 'Отвечает человек слева'),
       ('68428a66-12d9-4fb4-8049-10e673c102ec', '9134eb5e-8898-4e00-92c7-ed9cbd653d78', 'Что ты посоветуешь мне отпустить?', 'Отвечает человек слева'),
       ('73d64ec6-97f9-4277-94aa-0f22aa2a050c', '9134eb5e-8898-4e00-92c7-ed9cbd653d78', 'Чему этот разговор научил тебя о себе?', 'Отвечает человек слева'),
       ('043454d8-1ab9-4bd8-94d0-bac4fd8baf60', '9134eb5e-8898-4e00-92c7-ed9cbd653d78', 'Как ты думаешь, какая моя самая определяющая черта характера?', 'Отвечает человек слева'),
       ('ac202079-3676-40ad-97ef-1ff770b197ae', '9134eb5e-8898-4e00-92c7-ed9cbd653d78', 'На какой вопрос тебе было сложнее всего ответить?', 'Отвечает человек слева'),
       ('8947dfcd-3414-4e0e-8766-629e0e989a68', '9134eb5e-8898-4e00-92c7-ed9cbd653d78', 'Как ты думаешь, почему мы встретились?', 'Отвечает человек слева'),
       ('a0c551b5-acca-4b7a-81db-88d70c118b51', '9134eb5e-8898-4e00-92c7-ed9cbd653d78', 'После нашего разговора что ты будешь помнить обо мне?', 'Отвечает человек слева'),
       ('6ea9aaef-6912-472e-a18c-50d931216dbe', '9134eb5e-8898-4e00-92c7-ed9cbd653d78', 'Как ты думаешь в чем моя слабость?', 'Отвечает человек слева'),
       ('3b830bf5-59d7-4181-ae7f-e9243f7f1b66', '9134eb5e-8898-4e00-92c7-ed9cbd653d78', 'Как наши личности дополняют друг друга?', 'Отвечает человек слева'),
       ('d608ce4f-cede-437b-93b9-1ddca913cb22', '9134eb5e-8898-4e00-92c7-ed9cbd653d78', 'Как ты думаешь, что я должен знать о себе, чего, возможно, я не знаю?', 'Отвечает человек слева'),
       ('06001074-2201-4dd0-bf3f-4f52e2a1dad1', '9134eb5e-8898-4e00-92c7-ed9cbd653d78', 'Как бы ты почувствовал(а) себя ближе ко мне?', 'Отвечает человек слева'),
       ('18559faf-55f1-4aae-a84a-b6686e67d41a', '9134eb5e-8898-4e00-92c7-ed9cbd653d78', 'Опиши как ты чувствуешь себя прямо сейчас одним словом', 'Отвечает человек слева'),
       ('98eb5cfa-3983-4086-a599-2eede0a4625c', '9134eb5e-8898-4e00-92c7-ed9cbd653d78', 'Веришь ли ты, что у каждого человека есть призвание? Если это так, как ты думаешь, я нашел(ла) свое?', 'Отвечает человек слева'),
       ('39be55ce-99e2-4edd-9b37-c03d83278714', '9134eb5e-8898-4e00-92c7-ed9cbd653d78', 'Что мы можем создать вместе?', 'Отвечает человек слева'),
       ('b72e48b9-3c22-4b03-ae15-0192017a6498', '9134eb5e-8898-4e00-92c7-ed9cbd653d78', 'Какой мой ответ дал тебе инсайт о себе?', 'Отвечает человек слева'),
       ('0547459a-4827-455e-99ba-0666a50087c4', '9134eb5e-8898-4e00-92c7-ed9cbd653d78', 'Что не в моей внешности привлекает тебя больше всего?', 'Отвечает человек слева'),
       ('1cd1b955-359b-4655-a642-da6e8021e55f', '9134eb5e-8898-4e00-92c7-ed9cbd653d78', 'Совпали ли первые впечатления от меня с тем, как я раскрывался(лась) в течение нашего разговора?', 'Отвечает человек слева'),
       ('45ba1888-75cb-4507-8e61-d658f0dd9504', '9134eb5e-8898-4e00-92c7-ed9cbd653d78', 'Что тебя больше всего восхищает во мне?', 'Отвечает человек слева'),
       ('70e1bebd-ab42-4bf7-9b4f-4b4529870ac0', '9134eb5e-8898-4e00-92c7-ed9cbd653d78', 'Как бы ты описал меня незнакомцу?', 'Отвечает человек слева'),
       ('21788126-b2fa-432f-9bcb-8a9dff91c0d9', '9134eb5e-8898-4e00-92c7-ed9cbd653d78', 'Чему я могу научить тебя?', 'Отвечает человек слева'),
       ('5e353c64-894f-4cea-ae58-3cfda178e8cd', '9134eb5e-8898-4e00-92c7-ed9cbd653d78', 'Что бы ты хотел(а) узнать от меня?', 'Отвечает человек слева'),
       ('f7c1f8c7-0898-4edd-b108-11734cabbcc8', '9134eb5e-8898-4e00-92c7-ed9cbd653d78', 'Что во мне больше всего удивило тебя?', 'Отвечает человек слева'),
       ('b97c3f4c-225f-4eb7-a458-4904e1ad0ce0', '9134eb5e-8898-4e00-92c7-ed9cbd653d78', 'Чем я могу тебе помочь?', 'Отвечает человек слева'),
       ('97a9c2d1-bb56-40f7-9287-cbe75a57dab4', '9134eb5e-8898-4e00-92c7-ed9cbd653d78', 'О ком ты часто  думаешь в последнее время? Придумай, как дать им знать, что ты думаешь о них', 'Отвечает человек справа'),
       ('13bec0ef-a070-4ec8-97a1-d8dee0c1b5ef', '9134eb5e-8898-4e00-92c7-ed9cbd653d78', 'Как бы ты описал(а) наш разговор в двух словах?', 'Отвечает человек справа'),
       ('e0e7843a-e3d3-4ca9-9371-0a62022bf808', '9134eb5e-8898-4e00-92c7-ed9cbd653d78', 'Чему в твоей жизни сегодня не поверил бы ты из прошлого?', 'Отвечает человек справа'),
       ('35d87ff5-9bf2-4f94-9b9c-40a724dfa653', '9134eb5e-8898-4e00-92c7-ed9cbd653d78', 'Как наши характеры дополняют друг друга?', 'Отвечает человек справа'),
       ('66fb5621-794e-4311-bf6a-4818c01d0d57', '9134eb5e-8898-4e00-92c7-ed9cbd653d78', 'Как ты думаешь, совпадает ли то, как видят тебя другие люди с тем, какой(а)я ты есть на самом деле?', 'Отвечает человек справа'),
       ('6f87f2e0-158a-4dfc-84a7-9bbe3ab6106a', '9134eb5e-8898-4e00-92c7-ed9cbd653d78', 'Как я могу добавить 1% счастья в твою жизнь?', 'Отвечает человек справа'),
       ('71727e10-8152-4dd9-8846-6fa7de020e96', '9134eb5e-8898-4e00-92c7-ed9cbd653d78', 'Скажи три правдивых высказывания о нас. Например, "Сейчас мы оба чувствуем..."', 'Отвечает человек справа'),
       ('514de8a9-5609-4291-9650-d67381a3517b', '9134eb5e-8898-4e00-92c7-ed9cbd653d78', 'Когда ты в последний раз плакал(а) перед другим человеком? А в одиночестве?', 'Отвечает человек справа'),
       ('399fa534-f877-4847-851d-108c25b9f7bd', '9134eb5e-8898-4e00-92c7-ed9cbd653d78', 'Каким способом лучше всего показать свою любовь к кому-то?', 'Отвечает человек справа');

INSERT INTO questions
values ('f521851e-a138-4c42-bc10-f1f8aa487263', '95276471-2ef2-41d2-b543-43045373d2ad', 'Что самое сложное в том деле, которым ты зарабатываешь себе на жизнь?', null),
       ('0af89510-eeb9-45fe-8a7d-231824e7a2a8', '95276471-2ef2-41d2-b543-43045373d2ad', 'Что было первое, что ты заметил(а) в человеке напротив тебя?', null),
       ('0e15392e-6776-4422-9528-830ce155cc15', '95276471-2ef2-41d2-b543-43045373d2ad', 'Если бы ты покупал(а) подарок соседу слева, зная только как он выглядит, что бы это было?', null),
       ('62fb83c7-337f-46fe-a98b-686793a1427c', '95276471-2ef2-41d2-b543-43045373d2ad', 'Растения у тебя дома цветут или умирают? Объясни почему.', null),
       ('389c4e88-900c-4661-aaa9-792865a37b70', '95276471-2ef2-41d2-b543-43045373d2ad', 'Ты выглядишь добрым(ой)? Почему, или почему нет?', null),
       ('3c9e67fc-3ef7-4606-83c2-febb62406bb5', '95276471-2ef2-41d2-b543-43045373d2ad', 'У тебя более творческий или аналитический склад ума? Почему?', null),
       ('fa10022d-3a6d-4631-adba-e1b15738aa6b', '95276471-2ef2-41d2-b543-43045373d2ad', 'Ты похож(а) на человека, который сделал бы татуировку чьего-то имени? Почему?', null),
       ('2f8e673d-00a0-4e18-8c8f-4165ae44480c', '95276471-2ef2-41d2-b543-43045373d2ad', 'Что о человеке наротив говорит тебе его обувь?', null),
       ('f3be2a2c-ba63-4574-874c-7054c517076d', '95276471-2ef2-41d2-b543-43045373d2ad', 'Тебя когда-нибудь увольняли с работы? Если да, то за что?', null),
       ('2aa04e1c-a072-4ef5-80ed-e4e402f72e31', '95276471-2ef2-41d2-b543-43045373d2ad', 'Каково было твое первое впечатление о соседе справа?', null),
       ('dc33d457-8c9c-4447-bbe8-5e8be21ca186', '95276471-2ef2-41d2-b543-43045373d2ad', 'Что в тебе интригует других?', null),
       ('cd86c4d1-7f47-4c68-8a7c-f6c9b715e09f', '95276471-2ef2-41d2-b543-43045373d2ad', 'Кем ты хотел(а) стать в детстве?', null),
       ('34b8bfde-f737-4a0f-8b2f-ac8501894859', '95276471-2ef2-41d2-b543-43045373d2ad', 'Смотря на тебя, люди сразу думают о...', null),
       ('0abed08a-0028-4908-8750-037da2e356a3', '95276471-2ef2-41d2-b543-43045373d2ad', 'Ты был(а) популярен(на) в школе?', null),
       ('001155ff-5834-47f6-8455-014554662b7e', '95276471-2ef2-41d2-b543-43045373d2ad', 'Сколько штрафов ты получал(а) в своей жизни?', null),
       ('dc81b6de-b0b1-4899-8886-fe6f2a5c8cfc', '95276471-2ef2-41d2-b543-43045373d2ad', 'Легко ли ты влюбляешься?', null),
       ('b3df2c47-7aea-4db4-bce3-ab0aa329b972', '95276471-2ef2-41d2-b543-43045373d2ad', 'Какой комплимент ты слышишь чаще всего?', null),
       ('a9e28ad8-f403-4197-a68c-db4118a3767e', '95276471-2ef2-41d2-b543-43045373d2ad', 'Ты когда-либо проверял(а) переписки партнера?', null),
       ('3ce31272-a33c-40bf-98fe-60691cd613e3', '95276471-2ef2-41d2-b543-43045373d2ad', 'Какой предмет в школе был твоим любимым? А какой ты не любил(а)?', null),
       ('5a264f1c-3899-4a5f-922d-b3fcb77c0c9b', '95276471-2ef2-41d2-b543-43045373d2ad', 'Ты предпочитаешь чай, или кофе? С сахаром, или без?', null),
       ('ade00e13-36e6-4514-b85e-77a41a7b65bd', '95276471-2ef2-41d2-b543-43045373d2ad', 'Кем ты хотел(а) стать в детстве?', null),
       ('4901c750-e2bf-4507-a89e-16afca5d9ed2', '95276471-2ef2-41d2-b543-43045373d2ad', 'Ты жаворонок или сова?', null),
       ('14a10b90-1918-41b7-b11b-934ca5a92cb4', '95276471-2ef2-41d2-b543-43045373d2ad', 'Ты чаще опаздываешь, или приходишь вовремя?', null),
       ('ccb177ae-d4b8-42d3-ac62-0580d256d2f8', '95276471-2ef2-41d2-b543-43045373d2ad', 'Человек напротив похож на кого-то из твоих знакомых?', null),
       ('c70dd625-5d64-42e0-ba15-202aeaa6aa84', '95276471-2ef2-41d2-b543-43045373d2ad', 'На что ты готов(а) потратить много денег?', null),
       ('e1affe10-6458-4cd5-a8b6-347b9f981b68', '95276471-2ef2-41d2-b543-43045373d2ad', 'Ты обычно коннектишься с такими как человек справа?', null),
       ('a81b42a0-a432-4222-95e0-f8a7ffbe4ff4', '95276471-2ef2-41d2-b543-43045373d2ad', 'Пугает ли тебя что-то в человеке слева? Почему или почему нет?', null),
       ('136e91e9-0a17-4bb7-972c-90171c85426f', '95276471-2ef2-41d2-b543-43045373d2ad', 'Какая строчка из любимых песен приходит тебе в голову прямо сейчас?', null),
       ('2d16a73f-69a1-4d61-8769-ac7ce0dd8502', '95276471-2ef2-41d2-b543-43045373d2ad', 'Запишите свою главную цель на следующий месяц. Зачитайте их по очереди.', null),
       ('f7db7a69-59aa-49f0-9fff-b367a40515fb', '95276471-2ef2-41d2-b543-43045373d2ad', 'Ты был(а) когда-то влюблен(а)?', null),
       ('b343184b-b2c9-4099-8f7d-d0df9fa56193', '95276471-2ef2-41d2-b543-43045373d2ad', 'Какой типаж людей тебе нравится?', null),
       ('0d6bd246-38c1-4c07-b769-17e7e28f7430', '95276471-2ef2-41d2-b543-43045373d2ad', 'Каким(ой) ты был(а) в школе?', null),
       ('29b71275-2f02-4297-9701-789c1c0ea36d', '95276471-2ef2-41d2-b543-43045373d2ad', 'Что значит твое имя?', null),
       ('81877e43-0215-4419-973c-6c41e0f4d68b', '95276471-2ef2-41d2-b543-43045373d2ad', 'Ты хотел(а) бы стать известным(ой)? Каким образом?', null),
       ('87470048-d43c-46d8-b738-7e337256bf03', '95276471-2ef2-41d2-b543-43045373d2ad', 'За что в твоей жизни ты чувствуешь себя больше всего благодарным(ой)?', null),
       ('374216e7-91e0-4065-a2fa-ff1e6f0a42c1', '95276471-2ef2-41d2-b543-43045373d2ad', 'Если бы ты мог(ла) изменить что-нибудь в том, как тебя воспитывали, что бы это было?', null),
       ('e1c33f76-83c4-4144-a217-3906f12b28ef', '95276471-2ef2-41d2-b543-43045373d2ad', 'Из чего состоит твой идеальный день?', null),
       ('a38a1dc1-1315-471c-84d7-0f4612d33d02', '95276471-2ef2-41d2-b543-43045373d2ad', 'Когда ты в последний раз пел(а) для себя? А для кого-то другого?', null),
       ('6711163c-18a1-41ca-acf9-aadacd62e646', '95276471-2ef2-41d2-b543-43045373d2ad', 'Внимательно посмотрите в глаза человеку напротив и опишите его глаза', null),
       ('4aad2b2f-e7ce-4e33-b515-0b42ce877245', '73763a6e-4ce0-412c-89ee-e5ab4b731795', 'Что было твоим счастливейшим воспоминанием за последний год?', null),
       ('27972be9-42b9-4210-b355-1e900cf65aa8', '73763a6e-4ce0-412c-89ee-e5ab4b731795', 'Ты изменил(а) свое мнение о чем-нибудь в последнее время?', null),
       ('44556bf1-afea-451c-9268-8dc04aa20288', '73763a6e-4ce0-412c-89ee-e5ab4b731795', 'Какое твое самое раннее воспоминание о счастье?', null),
       ('a47903f8-cb64-4156-bb5c-e9c792181e1b', '73763a6e-4ce0-412c-89ee-e5ab4b731795', 'От какой привычки ты отчаивался(лась) дольше всего?', null),
       ('86801571-f785-440c-a987-494d5bdad89f', '73763a6e-4ce0-412c-89ee-e5ab4b731795', 'Ты лжешь себе о чем-нибудь?', null),
       ('c3d276bb-a8a3-4c7f-b669-345d3a032236', '73763a6e-4ce0-412c-89ee-e5ab4b731795', 'На какие вопросы ты пытаешься ответить в своей жизни прямо сейчас?', null),
       ('1b91066e-60c4-4a35-a1b9-87e3e534f598', '73763a6e-4ce0-412c-89ee-e5ab4b731795', 'Когда в последний раз ты удивлялся себе?', null),
       ('7f79aebf-1d89-4a12-afc5-fdc71d968b9a', '73763a6e-4ce0-412c-89ee-e5ab4b731795', 'Какое название ты бы дал(а) этой главе в своей жизни?', null),
       ('9651c581-06ec-444a-b957-009da86730f1', '73763a6e-4ce0-412c-89ee-e5ab4b731795', 'Чего бы тебе сейчас хотелось больше всего?', null),
       ('9696f83d-96f0-4bb1-bb97-17daf6cd2063', '73763a6e-4ce0-412c-89ee-e5ab4b731795', 'Закончи предложение: Незнакомцы описали бы меня, как ..., но только знаю, что я ...', null),
       ('6ec0a64a-5706-4bb8-8aa7-27e24f5f4477', '73763a6e-4ce0-412c-89ee-e5ab4b731795', 'Какую самую сильную нефизическую боль ты переживал(а)?', null),
       ('17abd4dc-2d04-4e84-804b-cb58e0b051c9', '73763a6e-4ce0-412c-89ee-e5ab4b731795', 'Был ли случай, когда незнакомец изменил твою жизнь?', null),
       ('b7a5c1e6-41d7-4f91-908c-6e659d805fec', '73763a6e-4ce0-412c-89ee-e5ab4b731795', 'Как звали твою первую любовь и почему ты влюбился(лась) в него/нее?', null),
       ('6f936b08-a070-4311-a17d-4ccd89cbf7c8', '73763a6e-4ce0-412c-89ee-e5ab4b731795', 'Как бы ты описал(а) ощущение влюбленности одним словом?', null),
       ('609d0cb9-fadb-4843-b2f0-b625c7fb9152', '73763a6e-4ce0-412c-89ee-e5ab4b731795', 'Чего ты больше боишься: провала или успеха и почему?', null),
       ('5f99a0c6-e893-4a6d-b0bb-a2caef2c687d', '73763a6e-4ce0-412c-89ee-e5ab4b731795', 'От какой мечты ты отказался(лась)?', null),
       ('e9263fc0-b1e6-4a81-8b22-abeb174500f4', '73763a6e-4ce0-412c-89ee-e5ab4b731795', 'Если бы вы могли узнать кого-то в своей жизни на более глубоком уровне, кто бы это был и почему?', null),
       ('71cba235-4ccd-48c6-8036-5e47e5ea9c60', '73763a6e-4ce0-412c-89ee-e5ab4b731795', 'Как зовут твою маму, и что самое прекрасное в ней?', null),
       ('a2ccd952-4b6a-4f30-b8db-4c819e124a99', '73763a6e-4ce0-412c-89ee-e5ab4b731795', 'Какая часть твоей жизни работает хорошо, а какая страдает?', null),
       ('a167e454-4f4a-460d-ba1e-1949fe1839cd', '73763a6e-4ce0-412c-89ee-e5ab4b731795', 'Как ты можешь стать лучшей версией себя?', null),
       ('8fc712bd-7b17-4fd7-a05e-322f2bab1ef9', '73763a6e-4ce0-412c-89ee-e5ab4b731795', 'Ты по кому-нибудь сейчас скучаешь? Как ты думаешь они скучают по тебе?', null),
       ('d53014a8-b5e0-4262-bd54-9cb2bd16aea0', '73763a6e-4ce0-412c-89ee-e5ab4b731795', 'Как ты думаешь, в какой фаст-фуд ресторан я скорее всего пойду? Что я скорее всего закажу?', null),
       ('910f5682-fadb-4c0e-bcef-3e2a73c0cbf4', '73763a6e-4ce0-412c-89ee-e5ab4b731795', 'Чем я могу отталкивать людей?', null),
       ('f25821b4-6203-4314-8cb6-d76974246728', '73763a6e-4ce0-412c-89ee-e5ab4b731795', 'Когда тебя спрашивают как дела, как часто ты отвечаешь правдиво?', null),
       ('cdc732a4-9f58-4d76-beb5-9cc4adaaec30', '73763a6e-4ce0-412c-89ee-e5ab4b731795', 'Как твои дела? А на самом деле?', null),
       ('3d33e602-cf07-420f-adaa-36d63b021d11', '73763a6e-4ce0-412c-89ee-e5ab4b731795', 'Что самое необычное, что случалось с тобой?', null),
       ('0001da94-ff3e-4373-b207-6b9a4a484891', '73763a6e-4ce0-412c-89ee-e5ab4b731795', 'Как зовут твоего отца? Расскажи мне одну вещь о нем', null),
       ('825a48a0-86c8-417e-a924-aee235fb4206', '73763a6e-4ce0-412c-89ee-e5ab4b731795', 'Если бы ты мог(ла) быть где угодно и делать что угодно - где бы ты был(а) и что бы ты делал(а)?', null),
       ('2d685819-911d-4887-b2b4-1c4582976362', '73763a6e-4ce0-412c-89ee-e5ab4b731795', 'Опиши свой идеальный день', null),
       ('5b651da5-7df3-4f21-9135-4915920fbc7b', '73763a6e-4ce0-412c-89ee-e5ab4b731795', 'Какой совет ты бы дал(а) себе из прошлого?', null),
       ('3c858f57-79c2-4dec-90fc-8bac2624feb6', '73763a6e-4ce0-412c-89ee-e5ab4b731795', 'На сколько лет ты себя ощущаешь?', null),
       ('30a5629c-3a45-4088-b3ee-7e4362239ea2', '73763a6e-4ce0-412c-89ee-e5ab4b731795', 'Что самое неловкое случалось с тобой на свидании?', null),
       ('5e5a32f6-968f-4bc4-bab6-9adae22330dc', '73763a6e-4ce0-412c-89ee-e5ab4b731795', 'Что бы ты мог(ла) сделать лучше в предыдущих отношениях?', null),
       ('1dae7394-3e10-480f-ba1f-d9ef4b2fa32c', '73763a6e-4ce0-412c-89ee-e5ab4b731795', 'Есть ли у тебя образ, от которого ты бы хотел избавиться?', null),
       ('2f83facd-716c-439b-bf58-1baa9ab7cd6e', '73763a6e-4ce0-412c-89ee-e5ab4b731795', 'Чему люди, которые тебя воспитывали, научили тебя о любви?', null),
       ('12c96800-2b49-4d29-8941-68310b843fe1', '73763a6e-4ce0-412c-89ee-e5ab4b731795', 'Опиши свое идеальное свидание', null),
       ('d8df6251-798c-42f5-a340-5a454099a7d8', '73763a6e-4ce0-412c-89ee-e5ab4b731795', 'Чему ты научился(лась) в романтических отношениях? Чему ты научился(лась), когда был(а) один(на)?', null),
       ('a0c72e17-044d-48b3-8012-4112a394e8f7', '73763a6e-4ce0-412c-89ee-e5ab4b731795', 'Какой вопрос ты бы хотел(а), чтобы тебя чаще спрашивали?', null),
       ('e6fbe1b0-987c-4964-9cb7-0a52a974fc87', '73763a6e-4ce0-412c-89ee-e5ab4b731795', 'Чем ты страстно увлекаешься?', null),
       ('1549581d-5ba0-43c2-a23e-e379c81cc340', '73763a6e-4ce0-412c-89ee-e5ab4b731795', 'Чему в данный момент ты уделяешь недостаточно времени?', null),
       ('d735b97f-d590-4ef4-a251-e7de865d2522', 'e3604fb7-bacc-4daf-8049-e37191a90399', 'После нашего разговора. какую книгу ты бы посоветовал(а) почитать человеку напротив?', null),
       ('34b83ff4-5fe5-435b-a96d-418b8e35f2c7', 'e3604fb7-bacc-4daf-8049-e37191a90399', 'Что тебя удивило в человеке справа?', null),
       ('8e62f61d-6e41-4672-a157-edd3b6085679', 'e3604fb7-bacc-4daf-8049-e37191a90399', 'Как ты думаешь какая суперспособность у человека слева?', null),
       ('a1cb3edb-16fb-43e6-895b-ac28bb4d3723', 'e3604fb7-bacc-4daf-8049-e37191a90399', 'Как ты думаешь, какие ваши самые важные сходства?', null),
       ('c2f8257e-4342-4e01-9762-d4c543ae387a', 'e3604fb7-bacc-4daf-8049-e37191a90399', 'Какую одну вещь ты можешь сделать, чтобы значительно улучшить свою жизнь?', null),
       ('8242f496-939f-48d1-82db-aa2246e4b2a2', 'e3604fb7-bacc-4daf-8049-e37191a90399', 'Что было бы идеальным подарком для человека слева?', null),
       ('cbe8cad1-4c8a-4ef6-863e-6588036dc9ab', 'e3604fb7-bacc-4daf-8049-e37191a90399', 'Как бы ты описал(а) незнакомцу человека напротив?', null),
       ('c9638371-29ca-4f66-b16f-35fa27f2bfa1', 'e3604fb7-bacc-4daf-8049-e37191a90399', 'Отвечают все. Что мне нужно услышать прямо сейчас?', null),
       ('d7f70118-8583-47e8-b0b6-32cdac3c98a2', 'e3604fb7-bacc-4daf-8049-e37191a90399', 'Какой урок ты вынес(ла) из этого разговора?', null),
       ('49ea6052-2481-4473-b59f-919b738aee1a', 'e3604fb7-bacc-4daf-8049-e37191a90399', 'Чем тебе может помочь человек справа?', null),
       ('582851bf-84d2-494a-b925-5b89bbed564a', 'e3604fb7-bacc-4daf-8049-e37191a90399', 'Что тебе труднее всего понять в человеке слева?', null),
       ('3df6ae89-dcee-4ea2-94ee-54ac7a8de917', 'e3604fb7-bacc-4daf-8049-e37191a90399', 'Если бы мы были музыкальной группой, как бы мы назывались?', null),
       ('0920e7cd-7921-4bbd-81b9-edf79a49e411', 'e3604fb7-bacc-4daf-8049-e37191a90399', 'Признайся в чем-то', null),
       ('bab23f59-2844-4034-b737-6c66a9a6e2da', 'e3604fb7-bacc-4daf-8049-e37191a90399', 'Какие части себя ты видишь в человеке напротив?', null),
       ('2f4b963b-e49e-4834-b7c9-779d6a5a1056', 'e3604fb7-bacc-4daf-8049-e37191a90399', 'Что помогает тебе раскрыться перед другим человеком?', null),
       ('54227995-b971-4bb5-a3a9-05d1cdc6e56a', 'e3604fb7-bacc-4daf-8049-e37191a90399', 'Чему этот разговор научил тебя о себе?', null),
       ('b7b34ef8-f7f0-43f0-bfc1-8cf6bccc6e15', 'e3604fb7-bacc-4daf-8049-e37191a90399', 'Какая твоя самая определяющая черта характера?', null),
       ('b86522d9-abb9-423b-8ba0-bb753f568299', 'e3604fb7-bacc-4daf-8049-e37191a90399', 'На какой вопрос тебе было сложнее всего ответить?', null),
       ('cd1e1869-3428-4d59-a4cd-1890dcda5174', 'e3604fb7-bacc-4daf-8049-e37191a90399', 'Как ты думаешь, почему вы встретились?', null),
       ('1660bb83-22d1-40ca-a056-c5b51ad4e0db', 'e3604fb7-bacc-4daf-8049-e37191a90399', 'После нашего разговора что ты будешь помнить о человеке наротив?', null),
       ('d37a3982-2245-4e55-b958-3b416c26549b', 'e3604fb7-bacc-4daf-8049-e37191a90399', 'Как ты думаешь в чем твоя слабость?', null),
       ('a6235123-3e3e-4064-99ce-ab96edc5f10d', 'e3604fb7-bacc-4daf-8049-e37191a90399', 'Как ваши личности дополняют друг друга?', null),
       ('3d2cfbc7-0e04-4e78-ae01-04f0e38cdc0d', 'e3604fb7-bacc-4daf-8049-e37191a90399', 'Опиши как ты чувствуешь себя прямо сейчас одним словом', null),
       ('cfc760f9-d350-4497-9f3d-ccf1a8d8e757', 'e3604fb7-bacc-4daf-8049-e37191a90399', 'Веришь ли ты, что у каждого человека есть призвание?', null),
       ('cb430027-a6b7-4b02-8430-73fa2e34ef1c', 'e3604fb7-bacc-4daf-8049-e37191a90399', 'Что мы можем создать вместе?', null),
       ('89bdb79a-c12f-45cc-a72d-8e5f82751b32', 'e3604fb7-bacc-4daf-8049-e37191a90399', 'Отвечают все. Какой мой ответ дал вам инсайт о себе?', null),
       ('65bab96d-7603-4ea1-84ed-de203ef7e4f4', 'e3604fb7-bacc-4daf-8049-e37191a90399', 'Что привлекает тебя больше всего во внешности человека наротив?', null),
       ('9a2f619a-d6d0-44cb-a830-44bbcae91cec', 'e3604fb7-bacc-4daf-8049-e37191a90399', 'Что тебя больше всего восхищает в человеке слева?', null),
       ('cc885ed0-1465-4497-b566-d7ff52ea1b9e', 'e3604fb7-bacc-4daf-8049-e37191a90399', 'О ком ты часто  думаешь в последнее время? Придумай, как дать им знать, что ты думаешь о них', null),
       ('7d6a7def-8c03-4b89-9d1c-630363d431a6', 'e3604fb7-bacc-4daf-8049-e37191a90399', 'Как бы ты описал(а) этот разговор в двух словах?', null),
       ('fade6dc3-e700-46d3-bb3a-8e34b307ef4b', 'e3604fb7-bacc-4daf-8049-e37191a90399', 'Чему в твоей жизни сегодня не поверил бы ты из прошлого?', null),
       ('1890da04-f265-4638-8206-04b8e0be2c3d', 'e3604fb7-bacc-4daf-8049-e37191a90399', 'Каким способом лучше всего показать свою любовь к кому-то?', null);

INSERT INTO questions
values ('2c9f652e-1f33-46be-8611-2abece8579c3', 'f15a9b08-2fdc-4bd8-afe3-38e6ce935d9a', 'Чем бы ты хотел(а) заниматься вместе с партнером?', null),
       ('cd6b2bb0-b999-4c9b-b6d9-55e5176c86b9', 'f15a9b08-2fdc-4bd8-afe3-38e6ce935d9a', 'Ты бы хотел(а) домашнее животное? Если да, то какое?', null),
       ('0151f3bb-6434-48bf-b2ce-a4917fea477b', 'f15a9b08-2fdc-4bd8-afe3-38e6ce935d9a', 'Какие традиции семьи ты бы хотел(а) перенести в жизнь с партнером?', null),
       ('b6e487e4-7395-4fed-bd50-3713c4a8b8c9', 'f15a9b08-2fdc-4bd8-afe3-38e6ce935d9a', 'Как ты любишь расслабляться?', null),
       ('1acbe67f-0108-492a-ab59-23b902c8b362', 'f15a9b08-2fdc-4bd8-afe3-38e6ce935d9a', 'За какие сферы хотел(а) бы отвечать ты, а какие - делегировать партнеру?', null),
       ('cc331637-aa88-4227-a22d-a4426aea24fb', 'f15a9b08-2fdc-4bd8-afe3-38e6ce935d9a', 'Что ты ценишь в партнере?', null),
       ('7b604b8a-c4b9-49bc-adc2-88cc54501ff4', 'f15a9b08-2fdc-4bd8-afe3-38e6ce935d9a', 'Какой ты видишь свою старость?', null),
       ('197abb75-d435-4d05-ad8c-6c4767a1db03', 'f15a9b08-2fdc-4bd8-afe3-38e6ce935d9a', 'Какие твои цели в жизни?', null),
       ('756ecf3a-25b7-4c59-a864-f0015b6019f2', 'f15a9b08-2fdc-4bd8-afe3-38e6ce935d9a', 'Что тебе хочется делать в одиночестве?', null),
       ('5ee60a18-31b0-4129-97f7-bff7a11165c8', 'f15a9b08-2fdc-4bd8-afe3-38e6ce935d9a', 'Какие знаки внимания со стороны партнера тебе важны?', null),
       ('3fd2b9a0-f8bd-4783-b14f-32f27d51d1f8', 'f15a9b08-2fdc-4bd8-afe3-38e6ce935d9a', 'Каким и где ты видишь себя через 5 лет?', null),
       ('9127752c-4fbc-4e6c-b129-57d54eb7ee8a', 'f15a9b08-2fdc-4bd8-afe3-38e6ce935d9a', 'Как делить бюджет с партнером?', null),
       ('1f5ffa89-a490-4410-8d3d-c0e956e46001', 'f15a9b08-2fdc-4bd8-afe3-38e6ce935d9a', 'Что ты понимаешь под поддержкой со стороны партнера?', null),
       ('bddb2e92-7f09-4294-9161-cde82839b18e', 'f15a9b08-2fdc-4bd8-afe3-38e6ce935d9a', 'Как по-твоему, партнер мог бы себя вести во время ссоры, чтобы она быстрее рассосалась?', null),
       ('e9b3971f-2f50-4285-b035-91b9e6acee62', 'b49aef79-3d09-4899-8eaa-f2011e837bae', 'Чего партнеру точно не стоит делать, чтобы не разозлить тебя?', null),
       ('6b6c8df1-cb92-43f8-ab69-1f2191ff1b13', 'b49aef79-3d09-4899-8eaa-f2011e837bae', 'Ты хочешь детей? Если да, то когда?', null),
       ('2ead8c17-e1c3-49ca-be5c-ffac9545e45d', 'b49aef79-3d09-4899-8eaa-f2011e837bae', 'Что ты считаешь изменой?', null),
       ('ec04cbd4-c49b-44fa-90e7-d5d741174767', 'b49aef79-3d09-4899-8eaa-f2011e837bae', 'Есть ли что-то, что ты не сможешь простить партнеру?', null),
       ('8bf75761-9cc5-43a4-addb-394caf2bfc05', 'b49aef79-3d09-4899-8eaa-f2011e837bae', 'Что ты сейчас чувствуешь?', null),
       ('6b4eae25-e2bc-49c8-8919-c35a34212257', 'b49aef79-3d09-4899-8eaa-f2011e837bae', 'В какие моменты тебе хочется побыть одному?', null),
       ('acbef3fe-8f60-4398-bde5-41ef1fa24e24', 'b49aef79-3d09-4899-8eaa-f2011e837bae', 'Есть ли что-то, что ты давно хотел(а) спросить у партнера?', null),
       ('88781672-e831-412b-b3d0-a2c1ba17674d', 'b49aef79-3d09-4899-8eaa-f2011e837bae', 'Что новое ты бы хотел(а) попробовать в сексе?', null);

INSERT INTO questions
values ('d9869028-1abd-47ff-b534-9244dfc93b56', '99841501-3ced-40e2-8565-f66327339ead', 'Do you think I''m more of a morning person or a night owl?', null),
       ('ae3a5dee-993c-4e32-b8a6-ea50f1e93d00', '99841501-3ced-40e2-8565-f66327339ead', 'Do you think I prefer texting or calling?', null),
       ('f0765f74-116c-4812-a290-299f87687cc7', '99841501-3ced-40e2-8565-f66327339ead', 'What''s your guess about my favorite genre of music?', null),
       ('8b4ae633-237f-4108-a449-5c722818029d', '99841501-3ced-40e2-8565-f66327339ead', 'Do you think I enjoy cooking?', null),
       ('5e470740-d9b8-417c-a1d9-908f783d9f8d', '99841501-3ced-40e2-8565-f66327339ead', 'Can you guess if I''m into any team sports?', null),
       ('4f0e7659-3a28-4062-a774-16fb2d7d210b', '99841501-3ced-40e2-8565-f66327339ead', 'What do you think I value most in a friendship?', null),
       ('0294bd5e-5d4e-453a-beef-e271e81392af', '99841501-3ced-40e2-8565-f66327339ead', 'Can you guess my favorite type of book or literary genre?', null),
       ('92209968-22f6-4145-b8fd-a8d853eab866', '99841501-3ced-40e2-8565-f66327339ead', 'What''s your guess about my favorite type of vacation?', null),
       ('51c64dbd-984c-4ca4-88fc-559efba5c60d', '99841501-3ced-40e2-8565-f66327339ead', 'Do you think I''ve ever done something really adventurous or extreme?', null),
       ('54f89f42-5acb-4d48-af82-8f91a82c5390', '99841501-3ced-40e2-8565-f66327339ead', 'Do you think I''m good at keeping plants alive?', null),
       ('24f3c515-911f-49fe-9ca4-46d5f98755af', '99841501-3ced-40e2-8565-f66327339ead', 'Do you think I have a pet? What kind?', null),
       ('735ce0a7-1a40-48f3-b1f7-3531306d85fb', '99841501-3ced-40e2-8565-f66327339ead', 'Can you guess if I prefer tea or coffee?', null),
       ('6bf7fc76-542a-4215-bd72-4610442ca97d', '99841501-3ced-40e2-8565-f66327339ead', 'Do you think I''ve ever run a marathon?', null),
       ('20f4fa43-a9ea-4a39-a54a-a94f6fbb4091', '99841501-3ced-40e2-8565-f66327339ead', 'Can you guess if I''m into DIY projects?', null),
       ('13180173-9664-470c-baa7-693f16286ba3', '99841501-3ced-40e2-8565-f66327339ead', 'Do you think I have a favorite podcast or Youtube channel?', null),
       ('fa1df5cf-3c9e-459c-821e-099fdc57368c', '99841501-3ced-40e2-8565-f66327339ead', 'Do you think I prefer reading physical books or using an e-reader?', null),
       ('1b159ac0-67b2-4e25-b995-f45e63600c37', '99841501-3ced-40e2-8565-f66327339ead', 'Can you guess if I''ve ever lived in a different city or country for a long time?', null),
       ('57cbbdef-0696-4a69-9c53-ce01612a1294', '99841501-3ced-40e2-8565-f66327339ead', 'Do you think I''m more into history or science?', null),
       ('67175a0d-8bb0-4473-a625-58beb8217d21', '99841501-3ced-40e2-8565-f66327339ead', 'Do you think I have a signature dish that I''m great at cooking?', null),
       ('887d1067-e78a-4af0-a544-07ea5897fbca', '99841501-3ced-40e2-8565-f66327339ead', 'Do you think I follow any specific diet or food trend?', null),
       ('f3794fc0-59ab-4bfc-9b4c-bb059873e20b', '99841501-3ced-40e2-8565-f66327339ead', 'What''s your guess about my favorite way to relax?', null),
       ('a4af7478-ebaf-4fd5-98a7-bdf36836492d', '99841501-3ced-40e2-8565-f66327339ead', 'Do you think I have a favorite type of workout or exercise?', null),
       ('2349ecc1-9ef3-413d-9eb0-dd2228afa35e', '99841501-3ced-40e2-8565-f66327339ead', 'Do you think I play a musical instrument', null),
       ('0c6ec9da-c6e8-47ae-822c-a4ac13eb9f8b', '99841501-3ced-40e2-8565-f66327339ead', 'What unusual hobby do you think I might have?', null),
       ('afac02b5-299d-46bf-98c4-4ef79de6614d', '99841501-3ced-40e2-8565-f66327339ead', 'What do you think is my favorite time of the year?', null),
       ('71226f39-c6cf-45d5-95c8-44135065c9d0', '99841501-3ced-40e2-8565-f66327339ead', 'What do you think I''d do if I won the lottery?', null),
       ('6c823591-8cfd-4840-9b82-98f8c13afdea', '99841501-3ced-40e2-8565-f66327339ead', 'Do you think I''m interested in politics?', null),
       ('dbb358e5-99f4-4a86-ada9-26c4546e4849', '99841501-3ced-40e2-8565-f66327339ead', 'What''s your guess about my favorite form of social media?', null),
       ('a3de2159-4e26-444c-8c20-9a395b3db506', '99841501-3ced-40e2-8565-f66327339ead', 'Do you think I have a favorite author or book?', null),
       ('b8aed068-4b39-4ed4-9957-30b5c6164f14', '99841501-3ced-40e2-8565-f66327339ead', 'Can you guess if I prefer vintage or modern style in fashion and decor?', null),
       ('7f7bb365-27d5-42bb-b6c1-394700e38b94', '99841501-3ced-40e2-8565-f66327339ead', 'Do you think I''m good at solving puzzles or riddles?', null),
       ('c5eb6b31-1b33-4a69-9b2b-a914681f96ff', '02e8df42-e210-41e4-be45-205dd2f8036a', 'What''s a book or movie that profoundly impacted your life?', null),
       ('e24d3f6f-946b-4798-a071-9e62abc29727', '02e8df42-e210-41e4-be45-205dd2f8036a', 'What does your ideal day look like?', null),
       ('ebd81ec7-847e-48b6-94af-4eeabd1593a2', '02e8df42-e210-41e4-be45-205dd2f8036a', 'If you could live in any era, which would it be and why?', null),
       ('0c8da8af-8c09-4633-b647-04937ea3ae1e', '02e8df42-e210-41e4-be45-205dd2f8036a', 'What''s the most valuable lesson a failure or mistake has taught you?', null),
       ('65411083-e7cd-4fcc-a070-f4abca703606', '02e8df42-e210-41e4-be45-205dd2f8036a', 'How do you define success in life?', null),
       ('e6eecde2-9f8c-423a-8c65-35c558bc756e', '02e8df42-e210-41e4-be45-205dd2f8036a', 'Do you think it is hard to get to know me? Why?', null),
       ('dc4dc7b5-d70b-4a42-9fcc-094842efc92e', '02e8df42-e210-41e4-be45-205dd2f8036a', 'What''s a personal challenge you''re currently facing', null),
       ('6a23f165-b415-41a7-a7ff-bfb41c72ab21', '02e8df42-e210-41e4-be45-205dd2f8036a', 'What is that one thing (or creature) that you would like to take care of?', null),
       ('02b436f8-786d-4b30-a012-364fab4f7a45', '02e8df42-e210-41e4-be45-205dd2f8036a', 'What is the thing that you regret doing the most?', null),
       ('4d2130f5-2a2d-4c13-a6ee-5a221ab5be87', '02e8df42-e210-41e4-be45-205dd2f8036a', 'If you could know the absolute truth to one question, what question would you ask?', null),
       ('0e4342d9-53d8-4baa-969f-7093732a45b4', '02e8df42-e210-41e4-be45-205dd2f8036a', 'What''s something you''re looking forward to in the next year?', null),
       ('d21a08c9-456b-4c1e-ad55-1a1e410ad0e6', '02e8df42-e210-41e4-be45-205dd2f8036a', 'What''s something you''ve done that you''re really proud of', null),
       ('61c2d95c-73ca-46a9-a750-70788aa011b5', '02e8df42-e210-41e4-be45-205dd2f8036a', 'If there would be just one last thing for you to live for, what would it be?', null),
       ('1c29a1df-ef36-48de-9a05-f7b1b934bfd1', '02e8df42-e210-41e4-be45-205dd2f8036a', 'If you could have dinner with any three people, dead or alive, who would they be?', null),
       ('208ace15-547f-46cc-8f86-2f0d3607fdef', '02e8df42-e210-41e4-be45-205dd2f8036a', 'If you could say one word to the entire world, what would it be?', null),
       ('ade70ee5-49e8-44b7-8422-5399d71d6de2', '02e8df42-e210-41e4-be45-205dd2f8036a', 'What''s something you''ve always wanted to do but haven''t yet found the courage for?', null),
       ('c138572e-a7d6-4aed-94cf-7817de88b983', '02e8df42-e210-41e4-be45-205dd2f8036a', 'What''s one thing you''re deeply thankful for but rarely express gratitude for?', null),
       ('c9ef0cf4-047a-4682-9c96-4ed4a0993421', '02e8df42-e210-41e4-be45-205dd2f8036a', 'What''s the most memorable place you''ve ever visited?', null),
       ('3b56149c-42f1-4a70-b7b5-844475f6ba44', '02e8df42-e210-41e4-be45-205dd2f8036a', 'If you could relive one day of your life, which would it be and why?', null),
       ('c24a4723-9c66-494a-abbb-58cfc077adf2', '02e8df42-e210-41e4-be45-205dd2f8036a', 'Is there a dream you''ve given up on? If yes, why?', null),
       ('6bec70dc-d892-4071-b3b3-b9c690412be1', '02e8df42-e210-41e4-be45-205dd2f8036a', 'What''s an unpopular opinion you have?', null),
       ('33991ea0-5540-4b37-bee2-06204a797f8f', '02e8df42-e210-41e4-be45-205dd2f8036a', 'What''s the biggest risk you''ve ever taken?', null),
       ('345b8f54-5959-48ba-8982-234b5bb93515', '02e8df42-e210-41e4-be45-205dd2f8036a', 'Do you have a goal for the next decade?', null),
       ('6fba6e91-d701-4ea5-a6bf-126603d9bd66', '02e8df42-e210-41e4-be45-205dd2f8036a', 'If you could have one superpower, what would it be and why?', null),
       ('85fa6735-39ab-483f-88c5-fefa76977c9c', '02e8df42-e210-41e4-be45-205dd2f8036a', 'What''s one piece of advice you''d give to your 10-year-old self?', null),
       ('b638357d-d5e9-4b79-a1a0-e538f921393a', '02e8df42-e210-41e4-be45-205dd2f8036a', 'What''s something you believe that most people don''t?', null),
       ('c11d4395-957c-475d-a692-1088edfd735d', '02e8df42-e210-41e4-be45-205dd2f8036a', 'If you had the power to change one event in human history, what would it be?', null),
       ('5982c2f7-0e82-4974-8484-5ebfd2982675', '02e8df42-e210-41e4-be45-205dd2f8036a', 'What''s a fear you''ve overcome, and how did you do it?', null),
       ('d4db94e5-fa77-4f43-9142-8cd0deb547ed', '02e8df42-e210-41e4-be45-205dd2f8036a', 'If you could switch lives with one person for a day, who would it be?', null),
       ('dbbb96a8-0657-4339-9ba9-47b00dc16d3c', '02e8df42-e210-41e4-be45-205dd2f8036a', 'What''s the most important thing you''ve learned about yourself in the last five years?', null),

       ('876105ee-1629-4bd5-9034-30138060d5de', '84360dea-a948-4726-b626-effbce066ee4', 'What is my strength in a crisis?', null),
       ('f25242c5-18ac-418d-ae6e-005bce27ac92', '84360dea-a948-4726-b626-effbce066ee4', 'How do you think I can improve my approach to challenges?', null),
       ('ba970b1f-b97b-493d-88bf-75a3c55decd4', '84360dea-a948-4726-b626-effbce066ee4', 'What''s a dream you think I should pursue?', null),
       ('15062c5d-8ec7-4acf-9c5a-b8ae53e4252e', '84360dea-a948-4726-b626-effbce066ee4', 'If you could wish one thing for me, what would it be?', null),
       ('8ce93a3e-fadd-4cf9-85be-9044620f08d8', '84360dea-a948-4726-b626-effbce066ee4', 'If we were to collaborate on a project, what do you think it should be about?', null),
       ('ff9af13a-802a-4641-903e-61a61a07c858', '84360dea-a948-4726-b626-effbce066ee4', 'What''s a challenge you believe I should take on?', null),
       ('4da6bb64-6aa6-487f-8e08-1b2d617af686', '84360dea-a948-4726-b626-effbce066ee4', 'How do you think I''ve influenced you the most?', null),
       ('267d311e-32b0-4c2d-ad4c-621dde949c8d', '84360dea-a948-4726-b626-effbce066ee4', 'What''s a habit of mine that you find intriguing or peculiar?', null),
       ('fdc3f660-481a-437b-b482-9251bb2ce00a', '84360dea-a948-4726-b626-effbce066ee4', 'How has our conversation impacted your view on friendships?', null),
       ('1bf3ae77-c57e-434a-a382-370a879a7504', '84360dea-a948-4726-b626-effbce066ee4', 'If you could wish one thing for me, what would it be?', null),
       ('c96ee782-477c-428f-8d5b-004bf2fe9bc0', '84360dea-a948-4726-b626-effbce066ee4', 'What is the trajectory you suggest I’m following wrong in life?', null),
       ('9f402de9-111f-45b5-8336-a0a8736ea8cf', '84360dea-a948-4726-b626-effbce066ee4', 'Was there a moment in our conversation that you would like to get back to? Why?', null),
       ('f4964a55-fa64-499a-8e4b-54771d0e5b2d', '84360dea-a948-4726-b626-effbce066ee4', 'What do you think is the most significant experience we share?', null),
       ('2020614b-785d-4403-bbca-33063c86e93e', '84360dea-a948-4726-b626-effbce066ee4', 'Do you think our conversation changed something inside of me?', null),
       ('9881a2aa-974a-40a8-a3eb-35c1251af551', '84360dea-a948-4726-b626-effbce066ee4', 'What''s one thing you''ve learned from me that surprised you?', null),
       ('3b75f51f-3faf-4f25-97c5-bc29e3030c9d', '84360dea-a948-4726-b626-effbce066ee4', 'What''s a life experience you think I should have?', null),
       ('d4c3b0c1-f337-4deb-8d4f-99a98f20f048', '84360dea-a948-4726-b626-effbce066ee4', 'If I were to write a song, what do you think it should be about?', null),
       ('bb70b791-03dc-4ab5-a94c-d7043359088b', '84360dea-a948-4726-b626-effbce066ee4', 'What''s a character trait of mine that you think is rare?', null),
       ('0a63418a-37d3-4395-81f1-55d830bfec90', '84360dea-a948-4726-b626-effbce066ee4', 'Do you believe there are any similarities or differences between us?', null),
       ('c18c1ec7-2182-4dec-ae0b-7c7d638c2e1a', '84360dea-a948-4726-b626-effbce066ee4', 'What did you learn about yourself during our talk?', null),
       ('830ed426-2800-44d2-877f-7d8b76637105', '84360dea-a948-4726-b626-effbce066ee4', 'What can I help you with?', null),
       ('37ec63b7-c0d6-4f9b-8ce4-44525bda6799', '84360dea-a948-4726-b626-effbce066ee4', 'Why do you think we met?', null),
       ('6bf61378-957f-4755-a9ca-04964ec3ca98', '84360dea-a948-4726-b626-effbce066ee4', 'How are you? ', null),
       ('1a3dd75a-cd5c-4eff-9089-51f784ac5a71', '84360dea-a948-4726-b626-effbce066ee4', 'Are you feeling better, compared with before our conversation?', null),
       ('a0567a8c-06b7-48e7-b3d0-2e2ff5c6c221', '84360dea-a948-4726-b626-effbce066ee4', 'What would you like to admit now?', null),
       ('368ad928-1553-4658-8915-cd6cb9d646ec', '84360dea-a948-4726-b626-effbce066ee4', 'How would you describe me to a person I’ve never met?', null),
       ('5788baa4-b5f0-4508-b3f7-6cb0c7977310', '84360dea-a948-4726-b626-effbce066ee4', 'Can you see a part of yourself in me?', null),
       ('0015f8ce-90a4-4346-ab20-cd6af428cc53', '84360dea-a948-4726-b626-effbce066ee4', 'What gift do you wish I could someday receive?', null),
       ('6f8c7833-30a0-42b8-a92b-575c1d3dba9f', '84360dea-a948-4726-b626-effbce066ee4', 'What is about me that you hardly understand?', null),
       ('99641edb-d845-4576-8208-f4afceb62e72', '84360dea-a948-4726-b626-effbce066ee4', 'What color represents my personality?', null);