create database if not exists `haur`;
use `haur`;

drop table if exists questions_history;
drop table if exists questions;
drop table if exists levels;
drop table if exists decks;
create table decks
(
    id  varchar(255) not null primary key,
    name varchar(255) not null,
    description text
);
create table levels
(
    id          varchar(255) not null primary key,
    deck_id     varchar(255) not null references decks,
    level_order int          not null,
    name        varchar(255) not null,
    color_start varchar(255) not null,
    color_end   varchar(255) not null
);
create table questions
(
    id              varchar(255) not null primary key,
    level_id varchar(255) not null references levels,
    text            varchar(255) not null
);
create table questions_history
(
    id            varchar(255) not null primary key,
    level_id varchar(255) not null,
    question_id   varchar(255) not null,
    chat_id       varchar(255) not null,
    question_time timestamp    not null default current_timestamp
);

INSERT INTO decks values ('1', '😉 Для пары', 'Отвечает человек напротив');
INSERT INTO decks values ('2', '😎 Для компании', 'Отвечает тот кто указан на карте');
INSERT INTO decks values ('3', '😎 Для компании, о себе', 'Вопросы о себе. Отвечает читающий. Такое себе');
INSERT INTO decks
values ('4', '❤️ Для партнеров', 'Для пар, чтобы лучше узнать друг друга');

INSERT INTO levels (id, deck_id, level_order, name, color_start, color_end)
VALUES ('8bb90043-6af9-405f-8b88-f14f473ddb0d', '1', 1, '🙂 Знакомство', '74,62,255', '219, 100, 255'),
       ('ee00cee2-6c9c-43c1-beff-3ce78583e9f6', '1', 2, '😏 Погружение', '74,62,255', '219, 100, 255'),
       ('6b09da44-8810-4ba0-a6d9-6dfb08357921', '1', 3, '😌 Рефлексия', '74,62,255', '219, 100, 255'),

       ('87bf97a3-9e60-438b-adff-a846c2830569', '2', 1, '🙂 Знакомство', '74,62,255', '219, 100, 255'),
       ('ea69befb-0585-4ada-9b5e-7bf905b53975', '2', 2, '😏 Погружение', '74,62,255', '219, 100, 255'),
       ('2afed974-5981-4de8-83e3-239cffb164da', '2', 3, '😌 Рефлексия', '74,62,255', '219, 100, 255'),

       ('95276471-2ef2-41d2-b543-43045373d2ad', '3', 1, '🙂 Знакомство', '74,62,255', '219, 100, 255'),
       ('73763a6e-4ce0-412c-89ee-e5ab4b731795', '3', 2, '😏 Погружение', '74,62,255', '219, 100, 255'),
       ('e3604fb7-bacc-4daf-8049-e37191a90399', '3', 3, '😌 Рефлексия', '74,62,255', '219, 100, 255'),

       ('f15a9b08-2fdc-4bd8-afe3-38e6ce935d9a', '4', 1, 'Лайт', '74,62,255', '219, 100, 255'),
       ('b49aef79-3d09-4899-8eaa-f2011e837bae', '4', 2, 'Глубина', '74,62,255', '219, 100, 255');
    
    
    
    

INSERT INTO questions
values ('0cb996e5-cbcb-40e8-961d-cd4ce37aa9cc', '8bb90043-6af9-405f-8b88-f14f473ddb0d',
        'Как ты думаешь, что самое сложное в том деле, которым я зарабатываю себе на жизнь?'),
       ('641aa889-6596-4b44-8cdd-68332a7e72d0', '8bb90043-6af9-405f-8b88-f14f473ddb0d',
        'Что было первое, что ты заметил(а) во мне?'),
       ('09c48694-281b-493c-927a-23a0d69555a6', '8bb90043-6af9-405f-8b88-f14f473ddb0d',
        'Если бы ты покупал(а) мне подарок, зная только как я выгляжу, что бы это было?'),
       ('02064115-a7a1-4b30-9571-5465b8903fc0', '8bb90043-6af9-405f-8b88-f14f473ddb0d',
        'Как ты думаешь, растения у меня дома цветут или умирают? Объясни почему.'),
       ('d81b5a90-c350-4215-8687-494951c15e7f', '8bb90043-6af9-405f-8b88-f14f473ddb0d',
        'Я выгляжу добрым(ой)? Почему, или почему нет?'),
       ('d48631c0-5e18-43c2-941b-ef6ef1811ddc', '8bb90043-6af9-405f-8b88-f14f473ddb0d',
        'Как тебе кажется, у меня более творческий или аналитический склад ума? Почему?'),
       ('75afb2ce-541b-4e96-b3d7-0fd531432607', '8bb90043-6af9-405f-8b88-f14f473ddb0d',
        'Я похож(а) на человека, который сделал бы татуировку чьего-то имени? Почему?'),
       ('27fd52ad-88c5-47a3-ab86-188eb5f72714', '8bb90043-6af9-405f-8b88-f14f473ddb0d',
        'Закончите предложение: Просто взглянув на тебя, я бы подумал(а)...'),
       ('0af155dc-f02f-4010-9f1e-2293cc555adc', '8bb90043-6af9-405f-8b88-f14f473ddb0d',
        'Что моя обувь говорит тебе обо мне?'),
       ('1407e4f8-ab6f-44ac-af88-edd9862ddca8', '8bb90043-6af9-405f-8b88-f14f473ddb0d',
        'Как ты думаешь, меня когда-нибудь увольняли с работы? Если да, то за что?'),
       ('a3a6f6bb-a367-435c-af50-e6595f663b1e', '8bb90043-6af9-405f-8b88-f14f473ddb0d',
        'Каково было твое первое впечатление обо мне?'),
       ('7f4a454b-752b-49ba-8387-f46516f30978', '8bb90043-6af9-405f-8b88-f14f473ddb0d', 'Сделай предположение обо мне'),
       ('7a37d4ca-5b5f-49a2-b023-95a2ca830fa4', '8bb90043-6af9-405f-8b88-f14f473ddb0d', 'Что тебя во мне интригует?'),
       ('d0cd22a0-48da-4a71-ab64-3851e23b6ffb', '8bb90043-6af9-405f-8b88-f14f473ddb0d',
        'Как ты думаешь, кем я хотел(а) стать в детстве?'),
       ('feb74d2d-9190-4955-81b9-497899d08e52', '8bb90043-6af9-405f-8b88-f14f473ddb0d',
        'Смотря на тебя, я сразу думаю о...'),
       ('36402b51-b57e-4185-ad21-34a81b21ccd6', '8bb90043-6af9-405f-8b88-f14f473ddb0d',
        'Как ты думаешь, я был(а) популярен(на) в школе? Объясни почему?'),
       ('7cb0ba82-e7b0-4fa5-8cca-12ab80d5fed1', '8bb90043-6af9-405f-8b88-f14f473ddb0d',
        'Как ты думаешь, сколько штрафов я получал(а) в своей жизни?'),
       ('40e1c5d6-1ea2-4bb8-b854-9469917e931d', '8bb90043-6af9-405f-8b88-f14f473ddb0d',
        'Как ты думаешь, легко ли я влюбляюсь? Почему или почему нет?'),
       ('33613b98-9c27-4cad-a3d4-a695431aab1f', '8bb90043-6af9-405f-8b88-f14f473ddb0d',
        'Как ты думаешь, какой комплимент я слышу чаще всего?'),
       ('fa095d6e-f852-40ea-94f1-b5d48aa50cba', '8bb90043-6af9-405f-8b88-f14f473ddb0d',
        'Как ты думаешь, я когда-либо проверял(а) переписки партнера?'),
       ('86529c9f-4c40-41df-98a7-4fc091d3da3d', '8bb90043-6af9-405f-8b88-f14f473ddb0d',
        'Как ты думаешь, какой предмет в школе был моим любимым? А какой я не любил(а)?'),
       ('685e06b7-e3de-4dfb-8d0e-a8965fdba0bd', '8bb90043-6af9-405f-8b88-f14f473ddb0d',
        'Как ты думаешь, я предпочитаю чай, или кофе? С сахаром, или без?'),
       ('400d997c-f1b5-4465-b08b-f22fffea13ef', '8bb90043-6af9-405f-8b88-f14f473ddb0d',
        'Как ты думаешь, когда я был ребенком, кем я хотел стать?'),
       ('10eaba1a-f5e4-4461-b875-e90a805aff3f', '8bb90043-6af9-405f-8b88-f14f473ddb0d',
        'Как тебе кажется, я жаворонок или сова?'),
       ('9f75e928-e5a2-45e7-b4c7-3e8b522d6c85', '8bb90043-6af9-405f-8b88-f14f473ddb0d',
        'Как ты думаешь, я был(а) популярен(на) в школе? Объясни почему'),
       ('98d5721a-d1fa-4415-b8a5-07d62817d6ba', '8bb90043-6af9-405f-8b88-f14f473ddb0d',
        'Как ты думаешь, я чаще опаздываю, или прихожу вовремя? Объясни почему'),
       ('0ee8768d-ec93-4eff-b6c0-0386cf224f86', '8bb90043-6af9-405f-8b88-f14f473ddb0d',
        'Я похож(а) на кого-то из твоих знакомых?'),
       ('9aabbf7e-dcd4-4991-9acf-b7dc98f724dd', '8bb90043-6af9-405f-8b88-f14f473ddb0d',
        'Как ты думаешь, на что я готов потратить много денег?'),
       ('258239bd-e1e6-45d8-abc5-ae7c35c1d2c5', '8bb90043-6af9-405f-8b88-f14f473ddb0d',
        'Ты обычно коннектишься с такими как я?'),
       ('7da697c0-f15d-4d8d-a849-cb0b642bb60e', '8bb90043-6af9-405f-8b88-f14f473ddb0d',
        'Пугает ли тебя что-то во мне? Почему или почему нет?'),
       ('cae371c8-16f9-40b1-b245-35f1e8cd09fa', '8bb90043-6af9-405f-8b88-f14f473ddb0d',
        'Какая строчка из любимых песен приходит тебе в голову прямо сейчас?'),
       ('a0442149-4ea0-40aa-9cab-c38309bd95a7', '8bb90043-6af9-405f-8b88-f14f473ddb0d',
        'Запиши свою главную цель на следующий месяц. Сравни с целью собеседника.'),
       ('50b7178d-d02d-4a1c-ac7a-a88b33215725', '8bb90043-6af9-405f-8b88-f14f473ddb0d',
        'Как ты думаешь, я был(а) когда-то влюблен(а)?'),
       ('46c3bd7e-e75f-45ea-93a6-b77079781fff', '8bb90043-6af9-405f-8b88-f14f473ddb0d',
        'Как ты думаешь, есть ли типаж людей, который мне нравится. Какой он?'),
       ('49f9351c-b388-4842-b2a9-da9c65dce9be', '8bb90043-6af9-405f-8b88-f14f473ddb0d',
        'Как ты думаешь, каким(ой) я был(а) в школе?'),
       ('90722428-cb22-4b69-9615-ba17cc99490f', '8bb90043-6af9-405f-8b88-f14f473ddb0d',
        'Как ты думаешь, что значит мое имя?'),
       ('e72d554b-2467-42b5-97e9-914f57d780e8', '8bb90043-6af9-405f-8b88-f14f473ddb0d',
        'Что во мне ты заметил(а) в первую очередь?'),
       ('6b900d8f-b244-4af2-82ba-42392c55ccf7', '8bb90043-6af9-405f-8b88-f14f473ddb0d',
        'Ты хотел(а) бы стать известным(ой)? Каким образом?'),
       ('8b5ab359-0754-4d75-a6f5-86d06994e49b', '8bb90043-6af9-405f-8b88-f14f473ddb0d',
        'За что в твоей жизни ты чувствуешь себя больше всего благодарным(ой)?'),
       ('4e4e8e00-7404-42b3-b275-ed32e6575310', '8bb90043-6af9-405f-8b88-f14f473ddb0d',
        'Если бы ты мог(ла) изменить что-нибудь в том, как тебя воспитывали, что бы это было?'),
       ('e8529344-3f63-4e5b-b3fa-4ff308fd204e', '8bb90043-6af9-405f-8b88-f14f473ddb0d',
        'Из чего состоит твой идеальный день?'),
       ('297bdec7-2086-4612-a013-b9e7c01bc7f7', '8bb90043-6af9-405f-8b88-f14f473ddb0d',
        'Когда ты в последний раз пел(а) для себя? А для кого-то другого?'),
       ('bde78843-8a78-46a7-9042-cc470182b6c6', '8bb90043-6af9-405f-8b88-f14f473ddb0d',
        'Внимательно посмотрите друг другу в глаза и опишите глаза собеседника'),
       ('d3093592-b9cf-402d-8b7d-4d76cdf32d82', 'ee00cee2-6c9c-43c1-beff-3ce78583e9f6',
        'Что было твоим счастливейшим воспоминанием за последний год?'),
       ('ebeb600c-1096-41d8-b778-f8423f2d9a73', 'ee00cee2-6c9c-43c1-beff-3ce78583e9f6',
        'Ты изменил(а) свое мнение о чем-нибудь в последнее время?'),
       ('5a1f63e4-0166-4abf-8a52-2554ab8c779a', 'ee00cee2-6c9c-43c1-beff-3ce78583e9f6',
        'Какое твое самое раннее воспоминание о счастье?'),
       ('a45979a4-632c-42f5-a29c-3f927db5a255', 'ee00cee2-6c9c-43c1-beff-3ce78583e9f6',
        'От какой привычки ты отчаивался(лась) дольше всего?'),
       ('1d878cb1-2fba-4dfc-8f35-014a859bfbc8', 'ee00cee2-6c9c-43c1-beff-3ce78583e9f6', 'Ты лжешь себе о чем-нибудь?'),
       ('d442ef41-8e45-4620-a32e-eb35f8e83931', 'ee00cee2-6c9c-43c1-beff-3ce78583e9f6',
        'На какие вопросы ты пытаешься ответить в своей жизни прямо сейчас?'),
       ('02ac1458-5175-4137-beda-d5dbd04c794b', 'ee00cee2-6c9c-43c1-beff-3ce78583e9f6',
        'Когда в последний раз ты удивлялся себе?'),
       ('facea895-1c0b-4d81-9fc0-a0b410e89d25', 'ee00cee2-6c9c-43c1-beff-3ce78583e9f6',
        'Какое название ты бы дал(а) этой главе в своей жизни?'),
       ('d993a31a-defd-4df6-a124-a1d47045ad23', 'ee00cee2-6c9c-43c1-beff-3ce78583e9f6',
        'Чего бы тебе сейчас хотелось больше всего?'),
       ('a107ceba-c5e9-4783-b8a0-356632dbb9ee', 'ee00cee2-6c9c-43c1-beff-3ce78583e9f6',
        'Закончи предложение: Незнакомцы описали бы меня, как ..., но только знаю, что я ...'),
       ('d808ff18-3f7d-4e3c-9f6f-239fb9a045d2', 'ee00cee2-6c9c-43c1-beff-3ce78583e9f6',
        'Какую самую сильную нефизическую боль ты переживал(а)?'),
       ('276377e5-c6db-4c46-91c9-60f3973e88d5', 'ee00cee2-6c9c-43c1-beff-3ce78583e9f6',
        'Был ли случай, когда незнакомец изменил твою жизнь?'),
       ('2e8866b8-8893-486b-b26f-aedc25132aae', 'ee00cee2-6c9c-43c1-beff-3ce78583e9f6',
        'Как звали твою первую любовь и почему ты влюбился(лась) в него/нее?'),
       ('9e586873-0eb8-4573-8d4f-541701b48cf5', 'ee00cee2-6c9c-43c1-beff-3ce78583e9f6',
        'Как бы ты описал(а) ощущение влюбленности одним словом?'),
       ('48315b08-0b57-44c2-8f40-3c42d211bcdf', 'ee00cee2-6c9c-43c1-beff-3ce78583e9f6',
        'Чего ты больше боишься: провала или успеха и почему?'),
       ('fe921811-07e1-4a6d-a4d2-420241af078a', 'ee00cee2-6c9c-43c1-beff-3ce78583e9f6',
        'От какой мечты ты отказался(лась)?'),
       ('e728491e-e975-4e7f-9b3f-ba4313b977c7', 'ee00cee2-6c9c-43c1-beff-3ce78583e9f6',
        'Если бы вы могли узнать кого-то в своей жизни на более глубоком уровне, кто бы это был и почему?'),
       ('f8e116d3-f623-4918-9c92-ceb39407f70d', 'ee00cee2-6c9c-43c1-beff-3ce78583e9f6',
        'Как зовут твою маму, и что самое прекрасное в ней?'),
       ('8b2eb421-06c2-4501-984e-6f653d8718f4', 'ee00cee2-6c9c-43c1-beff-3ce78583e9f6',
        'Какая часть твоей жизни работает хорошо, а какая страдает?'),
       ('56fc9bd2-eeb1-40d1-afd8-97da469204d8', 'ee00cee2-6c9c-43c1-beff-3ce78583e9f6',
        'Как ты можешь стать лучшей версией себя?'),
       ('551f4fec-7eca-4601-8b25-46ac95695762', 'ee00cee2-6c9c-43c1-beff-3ce78583e9f6',
        'Ты по кому-нибудь сейчас скучаешь? Как ты думаешь они скучают по тебе?'),
       ('2e919aa4-222c-4f88-b483-ec4eacde630a', 'ee00cee2-6c9c-43c1-beff-3ce78583e9f6',
        'Как ты думаешь, в какой фаст-фуд ресторан я скорее всего пойду? Что я скорее всего закажу?'),
       ('b1317e3d-56e5-41c5-898f-4451d650c491', 'ee00cee2-6c9c-43c1-beff-3ce78583e9f6',
        'Чем я могу отталкивать людей?'),
       ('4ce03a59-ff1e-4e4d-b1a0-210b7d90391f', 'ee00cee2-6c9c-43c1-beff-3ce78583e9f6',
        'Когда тебя спрашивают как дела, как часто ты отвечаешь правдиво?'),
       ('c6c6f54c-9f59-4245-8a69-22f79aaf1eac', 'ee00cee2-6c9c-43c1-beff-3ce78583e9f6',
        'Как твои дела? А на самом деле?'),
       ('e338839b-d23e-4998-b261-e1960bbac173', 'ee00cee2-6c9c-43c1-beff-3ce78583e9f6',
        'Что самое необычное, что случалось с тобой?'),
       ('23655bd4-41e4-4099-b5f3-8017082a05cd', 'ee00cee2-6c9c-43c1-beff-3ce78583e9f6',
        'Как зовут твоего отца? Расскажи мне одну вещь о нем'),
       ('7551ad9a-9e27-4203-97f2-7c8461677298', 'ee00cee2-6c9c-43c1-beff-3ce78583e9f6',
        'Если бы ты мог(ла) быть где угодно и делать что угодно - где бы ты был(а) и что бы ты делал(а)?'),
       ('ce1a17b5-c559-4fbb-9034-cc35cbc44470', 'ee00cee2-6c9c-43c1-beff-3ce78583e9f6', 'Опиши свой идеальный день'),
       ('519648e4-24aa-4a69-9bac-d6fac88a14cb', 'ee00cee2-6c9c-43c1-beff-3ce78583e9f6',
        'Какой совет ты бы дал(а) себе из прошлого?'),
       ('678cf372-7fbd-4db3-8750-7361165e8973', 'ee00cee2-6c9c-43c1-beff-3ce78583e9f6',
        'На сколько лет ты себя ощущаешь?'),
       ('88a0c8cf-689e-44ab-b452-1385e37d0720', 'ee00cee2-6c9c-43c1-beff-3ce78583e9f6',
        'Что самое неловкое случалось с тобой на свидании?'),
       ('513e47c9-8669-42c3-8442-54bc0a81467e', 'ee00cee2-6c9c-43c1-beff-3ce78583e9f6',
        'Что бы ты мог(ла) сделать лучше в предыдущих отношениях?'),
       ('9fa5f35d-8950-43bb-b353-7329a57f9987', 'ee00cee2-6c9c-43c1-beff-3ce78583e9f6',
        'Есть ли у тебя образ, от которого ты бы хотел избавиться?'),
       ('a5c99fb0-a7ca-4870-aa83-816e8be9494f', 'ee00cee2-6c9c-43c1-beff-3ce78583e9f6',
        'Чему люди, которые тебя воспитывали, научили тебя о любви?'),
       ('fd189aa6-e2b3-49aa-b6cf-aa02ed7eaeae', 'ee00cee2-6c9c-43c1-beff-3ce78583e9f6',
        'Опиши свое идеальное свидание'),
       ('9dd55062-c027-4803-92c4-43ba0f4b611a', 'ee00cee2-6c9c-43c1-beff-3ce78583e9f6',
        'Чему ты научился(лась) в романтических отношениях? Чему ты научился(лась), когда был(а) один(на)?'),
       ('205f0a56-76e6-4693-80a0-9a5d34d9c4d6', 'ee00cee2-6c9c-43c1-beff-3ce78583e9f6',
        'Какой вопрос ты бы хотел(а), чтобы тебя чаще спрашивали?'),
       ('aa3d3400-ab79-48ed-b10e-d99c8bd9ff97', 'ee00cee2-6c9c-43c1-beff-3ce78583e9f6', 'Чем ты страстно увлекаешься?'),
       ('94bb4975-266f-456e-8538-bbdd8e023ecd', 'ee00cee2-6c9c-43c1-beff-3ce78583e9f6',
        'Чему в данный момент ты уделяешь недостаточно времени?'),
       ('36220c14-ab63-4b12-b855-f810f53eb001', '6b09da44-8810-4ba0-a6d9-6dfb08357921',
        'После нашего разговора. какую книгу ты бы посоветовал(а) мне почитать?'),
       ('b2556dae-254a-4aa2-8cd5-4a0ac45fd4da', '6b09da44-8810-4ba0-a6d9-6dfb08357921', 'Что во мне тебя удивило?'),
       ('c838f9a3-b2e5-4695-af42-fc0c3e9e07ef', '6b09da44-8810-4ba0-a6d9-6dfb08357921',
        'Как ты думаешь какая у меня суперспособность?'),
       ('b4abfed3-fbb0-4656-94eb-9ee97e166b2c', '6b09da44-8810-4ba0-a6d9-6dfb08357921',
        'Как ты думаешь, какие наши самые важные сходства?'),
       ('34f2b2c5-ffe0-496f-a7bf-852b75ab1726', '6b09da44-8810-4ba0-a6d9-6dfb08357921',
        'Как ты думаешь, какую одну вещь я могу сделать, чтобы значительно улучшить свою жизнь?'),
       ('5abf3397-42a5-47c6-a23e-4261e7cb5faf', '6b09da44-8810-4ba0-a6d9-6dfb08357921',
        'Что было бы идеальным подарком для меня?'),
       ('e7278ab3-574d-4ed4-8afc-931d6579f930', '6b09da44-8810-4ba0-a6d9-6dfb08357921',
        'Как бы ты описал(а) меня незнакомцу(ке)?'),
       ('a0a311ac-2b98-4b98-84fa-7e942b164f4e', '6b09da44-8810-4ba0-a6d9-6dfb08357921',
        'Что мне нужно услышать прямо сейчас?'),
       ('9998b832-1572-4234-8caf-e792ce15b7c0', '6b09da44-8810-4ba0-a6d9-6dfb08357921',
        'Какой урок ты вынес(ла) из нашего разговора?'),
       ('317953e9-2a00-4ff5-8613-7867ae0496aa', '6b09da44-8810-4ba0-a6d9-6dfb08357921', 'Чем я могу тебе помочь?'),
       ('b8e96535-de71-43f8-a7f4-f932945644a5', '6b09da44-8810-4ba0-a6d9-6dfb08357921',
        'Как ты думаешь, чего я боюсь больше всего?'),
       ('4534a898-4ac6-4055-92e7-2a6f6db411e3', '6b09da44-8810-4ba0-a6d9-6dfb08357921',
        'Как ты думаешь, о чем я могу давать советы?'),
       ('ebfd5fc2-f833-47bd-80c4-d8e317fa34a2', '6b09da44-8810-4ba0-a6d9-6dfb08357921',
        'Что тебе труднее всего понять во мне?'),
       ('32c3d01a-34fa-44b2-91a8-e7a51113f304', '6b09da44-8810-4ba0-a6d9-6dfb08357921',
        'Если бы мы были музыкальной группой, как бы мы назывались?'),
       ('af79e797-e3a2-48e6-969d-5fca28b52c3b', '6b09da44-8810-4ba0-a6d9-6dfb08357921', 'Признайся в чем-то'),
       ('b70cec2e-6551-4a4d-81c3-6c3cc6b1f340', '6b09da44-8810-4ba0-a6d9-6dfb08357921',
        'Какие части себя ты видишь во мне?'),
       ('d8a4c429-4fa5-4de2-b1c1-3ae55206a23b', '6b09da44-8810-4ba0-a6d9-6dfb08357921',
        'Что помогает тебе раскрыться перед другим человеком?'),
       ('1d6c3691-057d-4acf-8983-b6bea14c5db0', '6b09da44-8810-4ba0-a6d9-6dfb08357921',
        'Что ты посоветуешь мне отпустить?'),
       ('7d270d5b-95f7-4ab7-b29a-e35ab88e2dc1', '6b09da44-8810-4ba0-a6d9-6dfb08357921',
        'Чему этот разговор научил тебя о себе?'),
       ('15a8a00e-2b23-4048-97fe-2c5677fd5be0', '6b09da44-8810-4ba0-a6d9-6dfb08357921',
        'Как ты думаешь, какая моя самая определяющая черта характера?'),
       ('2dda3cdf-1cb3-4816-a043-6ae36e541a25', '6b09da44-8810-4ba0-a6d9-6dfb08357921',
        'На какой вопрос тебе было сложнее всего ответить?'),
       ('5fb3e641-5ab3-43bf-97af-53276a7aa740', '6b09da44-8810-4ba0-a6d9-6dfb08357921',
        'Как ты думаешь, почему мы встретились?'),
       ('0832634e-b042-4098-973e-1c755af023c0', '6b09da44-8810-4ba0-a6d9-6dfb08357921',
        'После нашего разговора что ты будешь помнить обо мне?'),
       ('08354c36-c53f-44bb-b615-761913ff2003', '6b09da44-8810-4ba0-a6d9-6dfb08357921',
        'Как ты думаешь в чем моя слабость?'),
       ('11f93f39-0354-4aaf-a205-ca3ce35fc25b', '6b09da44-8810-4ba0-a6d9-6dfb08357921',
        'Как наши личности дополняют друг друга?'),
       ('a4348407-80aa-4d75-859d-cf130e1b5358', '6b09da44-8810-4ba0-a6d9-6dfb08357921',
        'Как ты думаешь, что я должен знать о себе, чего, возможно, я не знаю?'),
       ('fc85c696-feb5-45b6-93eb-9980e007584f', '6b09da44-8810-4ba0-a6d9-6dfb08357921',
        'Как бы ты почувствовал(а) себя ближе ко мне?'),
       ('36962230-a526-46c5-8fe9-0185c46be76a', '6b09da44-8810-4ba0-a6d9-6dfb08357921',
        'Опиши как ты чувствуешь себя прямо сейчас одним словом'),
       ('eb84767b-e73a-4623-84fb-6ef38812cf4e', '6b09da44-8810-4ba0-a6d9-6dfb08357921',
        'Веришь ли ты, что у каждого человека есть призвание? Если это так, как ты думаешь, я нашел(ла) свое?'),
       ('353aaf5b-3164-4bb8-b75d-b4f716272faa', '6b09da44-8810-4ba0-a6d9-6dfb08357921', 'Что мы можем создать вместе?'),
       ('acaef41f-e5d1-4e3b-b334-47ec22760fc4', '6b09da44-8810-4ba0-a6d9-6dfb08357921',
        'Какой мой ответ дал тебе инсайт о себе?'),
       ('aa107d31-2e1f-4f70-a9d0-4f52ace93329', '6b09da44-8810-4ba0-a6d9-6dfb08357921',
        'Что не в моей внешности привлекает тебя больше всего?'),
       ('ac74fd58-50f1-44d8-96f8-1839df1987b3', '6b09da44-8810-4ba0-a6d9-6dfb08357921',
        'Совпали ли первые впечатления от меня с тем, как я раскрывался(лась) в течение нашего разговора?'),
       ('0fc98f02-83c1-446d-a50e-80b97d82ff4d', '6b09da44-8810-4ba0-a6d9-6dfb08357921',
        'Что тебя больше всего восхищает во мне?'),
       ('a44cfb18-ac6f-4bb2-8d01-4c4cb36232ee', '6b09da44-8810-4ba0-a6d9-6dfb08357921',
        'Как бы ты описал меня незнакомцу?'),
       ('3878f98f-824f-44c1-a99d-0189f9514085', '6b09da44-8810-4ba0-a6d9-6dfb08357921', 'Чему я могу научить тебя?'),
       ('02d79b0b-056e-4e04-a436-7f98d76a2a02', '6b09da44-8810-4ba0-a6d9-6dfb08357921',
        'Что бы ты хотел(а) узнать от меня?'),
       ('db859f2d-d27c-4043-8c85-a9da0d461cf8', '6b09da44-8810-4ba0-a6d9-6dfb08357921',
        'Что во мне больше всего удивило тебя?'),
       ('13e502b5-0288-46be-8df7-2ad226186cd0', '6b09da44-8810-4ba0-a6d9-6dfb08357921', 'Чем я могу тебе помочь?'),
       ('27f0fbe1-44b0-4c00-ba7a-0a8aa11ea223', '6b09da44-8810-4ba0-a6d9-6dfb08357921',
        'О ком ты часто  думаешь в последнее время? Придумай, как дать им знать, что ты думаешь о них'),
       ('661b4a05-64d9-4b0f-a7dd-9c922059eb92', '6b09da44-8810-4ba0-a6d9-6dfb08357921',
        'Как бы ты описал(а) наш разговор в двух словах?'),
       ('fb734155-77d9-4e4d-b90a-dd9d0486459e', '6b09da44-8810-4ba0-a6d9-6dfb08357921',
        'Чему в твоей жизни сегодня не поверил бы ты из прошлого?'),
       ('13882446-89f3-41bf-aca4-8924c889dbf8', '6b09da44-8810-4ba0-a6d9-6dfb08357921',
        'Как наши характеры дополняют друг друга?'),
       ('0d81c76b-8ce2-47b4-97b2-1bcf2bbc7259', '6b09da44-8810-4ba0-a6d9-6dfb08357921',
        'Как ты думаешь, совпадает ли то, как видят тебя другие люди с тем, какой(а)я ты есть на самом деле?'),
       ('0e45c3a9-bca9-45a8-9d09-a19a3126a6eb', '6b09da44-8810-4ba0-a6d9-6dfb08357921',
        'Как я могу добавить 1% счастья в твою жизнь?'),
       ('dfd8cf5e-ce27-4fcf-8fc5-e299f74d561c', '6b09da44-8810-4ba0-a6d9-6dfb08357921',
        'Скажи три правдивых высказывания о нас. Например, "Сейчас мы оба чувствуем..."'),
       ('5ebdc1fa-c1bb-4bbb-9652-f035bb8c1143', '6b09da44-8810-4ba0-a6d9-6dfb08357921',
        'Когда ты в последний раз плакал(а) перед другим человеком? А в одиночестве?'),
       ('6e3f717d-ab33-4288-9923-096948df8745', '6b09da44-8810-4ba0-a6d9-6dfb08357921',
        'Каким способом лучше всего показать свою любовь к кому-то?');

INSERT INTO questions
values ('56b48af3-8d0a-41a3-a7c1-ceaff7ab69cb', '87bf97a3-9e60-438b-adff-a846c2830569',
        'Отвечает человек слева: Как ты думаешь, что самое сложное в том деле, которым я зарабатываю себе на жизнь?'),
       ('fb735152-c8a6-40d2-8398-679fd70ef96c', '87bf97a3-9e60-438b-adff-a846c2830569',
        'Отвечает человек слева: Что было первое, что ты заметил(а) во мне?'),
       ('45e03ee5-eb0e-4f39-900e-3a4b8cc3756b', '87bf97a3-9e60-438b-adff-a846c2830569',
        'Отвечает человек слева: Если бы ты покупал(а) мне подарок, зная только как я выгляжу, что бы это было?'),
       ('4b4b0058-656c-470d-8fc1-adef2f89151c', '87bf97a3-9e60-438b-adff-a846c2830569',
        'Отвечает человек слева: Как ты думаешь, растения у меня дома цветут или умирают? Объясни почему.'),
       ('66368160-4025-4921-9cdf-cc252779894b', '87bf97a3-9e60-438b-adff-a846c2830569',
        'Отвечает человек слева: Я выгляжу добрым(ой)? Почему, или почему нет?'),
       ('dfbe2bc7-9c26-48f1-9255-f2f0e704204f', '87bf97a3-9e60-438b-adff-a846c2830569',
        'Отвечает человек слева: Как тебе кажется, у меня более творческий или аналитический склад ума? Почему?'),
       ('765a60e3-f11d-4798-b9f5-67e65162aa3c', '87bf97a3-9e60-438b-adff-a846c2830569',
        'Отвечает человек слева: Я похож(а) на человека, который сделал бы татуировку чьего-то имени? Почему?'),
       ('f1452c8f-9979-4f00-a290-ee403360f254', '87bf97a3-9e60-438b-adff-a846c2830569',
        'Отвечает человек слева: Закончите предложение: Просто взглянув на тебя, я бы подумал(а)...'),
       ('fa38c920-10bd-4b17-9515-1f8a42f7bc60', '87bf97a3-9e60-438b-adff-a846c2830569',
        'Отвечает человек слева: Что моя обувь говорит тебе обо мне?'),
       ('493cf21f-dca4-49ad-b9b7-48351f8c1f3f', '87bf97a3-9e60-438b-adff-a846c2830569',
        'Отвечает человек слева: Как ты думаешь, меня когда-нибудь увольняли с работы? Если да, то за что?'),
       ('2a6515a2-6eb5-41d3-9336-3a0c60f3a3cf', '87bf97a3-9e60-438b-adff-a846c2830569',
        'Отвечает человек слева: Каково было твое первое впечатление обо мне?'),
       ('8b7d8f72-9789-4d64-b7cc-1eff321dcaf4', '87bf97a3-9e60-438b-adff-a846c2830569',
        'Отвечает человек слева: Сделай предположение обо мне'),
       ('512da620-342b-4d1a-b4a3-040cf89da5df', '87bf97a3-9e60-438b-adff-a846c2830569',
        'Отвечает человек слева: Что тебя во мне интригует?'),
       ('14eb6b09-92ac-4f09-ac8f-daddfa5a213d', '87bf97a3-9e60-438b-adff-a846c2830569',
        'Отвечает человек слева: Как ты думаешь, кем я хотел(а) стать в детстве?'),
       ('0968a352-3702-4cbc-8652-3c17cc954141', '87bf97a3-9e60-438b-adff-a846c2830569',
        'Отвечает человек справа: Смотря на тебя, я сразу думаю о...'),
       ('42474114-ed91-45d8-9a7d-e6d6b56404c8', '87bf97a3-9e60-438b-adff-a846c2830569',
        'Отвечает человек справа: Как ты думаешь, я был(а) популярен(на) в школе? Объясни почему?'),
       ('20602fcb-a9f1-4fe7-a42a-6834c4123d9d', '87bf97a3-9e60-438b-adff-a846c2830569',
        'Отвечает человек справа: Как ты думаешь, сколько штрафов я получал(а) в своей жизни?'),
       ('35f0c3ef-4906-46d3-9df1-e16cb6806e71', '87bf97a3-9e60-438b-adff-a846c2830569',
        'Отвечает человек справа: Как ты думаешь, легко ли я влюбляюсь? Почему или почему нет?'),
       ('d6c3f47d-6e3a-4ed1-8b32-43e19ebb61c0', '87bf97a3-9e60-438b-adff-a846c2830569',
        'Отвечает человек справа: Как ты думаешь, какой комплимент я слышу чаще всего?'),
       ('63663d4b-29b5-4591-9e93-efc6de9a54b8', '87bf97a3-9e60-438b-adff-a846c2830569',
        'Отвечает человек справа: Как ты думаешь, я когда-либо проверял(а) переписки партнера?'),
       ('08e33719-0c73-48a2-b30e-a56e92637f91', '87bf97a3-9e60-438b-adff-a846c2830569',
        'Отвечает человек справа: Как ты думаешь, какой предмет в школе был моим любимым? А какой я не любил(а)?'),
       ('76c00cb0-47c4-4a9a-bace-6ded66221ed5', '87bf97a3-9e60-438b-adff-a846c2830569',
        'Отвечает человек справа: Как ты думаешь, я предпочитаю чай, или кофе? С сахаром, или без?'),
       ('385c4b17-c5dc-4409-a384-dcbb54ed5afa', '87bf97a3-9e60-438b-adff-a846c2830569',
        '328af44a-4c8e-4af2-a5bc-0e7590ddae87 я был ребенком, кем я хотел стать?'),
       ('59f4ade5-9f71-4b8a-91f2-b0787a22f89a', '87bf97a3-9e60-438b-adff-a846c2830569',
        'Отвечает человек справа: Как тебе кажется, я жаворонок или сова?'),
       ('bab4be1c-634a-47b2-bc40-db9a9e111fb1', '87bf97a3-9e60-438b-adff-a846c2830569',
        'Отвечает человек справа: Как ты думаешь, я был(а) популярен(на) в школе? Объясни почему'),
       ('2a2f5435-af61-492d-9cb8-59bc4fa16b08', '87bf97a3-9e60-438b-adff-a846c2830569',
        'Отвечает человек справа: Как ты думаешь, я чаще опаздываю, или прихожу вовремя? Объясни почему'),
       ('31e4a4a8-9784-42c2-aaee-d59e7fbb97a3', '87bf97a3-9e60-438b-adff-a846c2830569',
        'Отвечает человек справа: Я похож(а) на кого-то из твоих знакомых?'),
       ('256fa8c2-1062-4141-b5dd-98b5d1e5a766', '87bf97a3-9e60-438b-adff-a846c2830569',
        'Отвечает человек справа: Как ты думаешь, на что я готов потратить много денег?'),
       ('3a69eba7-e218-4f35-a010-af55b9cff5ab', '87bf97a3-9e60-438b-adff-a846c2830569',
        'Отвечает человек справа: Внимательно посмотрите друг другу в глаза и опишите глаза собеседника'),
       ('f9e4d9a5-35e9-485f-8f3d-e16b1d4de5f8', '87bf97a3-9e60-438b-adff-a846c2830569',
        'Отвечает человек напротив: Ты обычно коннектишься с такими как я?'),
       ('ace067f3-a140-4140-a383-a62113ba0bbb', '87bf97a3-9e60-438b-adff-a846c2830569',
        'Отвечает человек напротив: Пугает ли тебя что-то во мне? Почему или почему нет?'),
       ('1108d964-c118-4117-8104-22fba401f9d6', '87bf97a3-9e60-438b-adff-a846c2830569',
        'Отвечает человек напротив: Какая строчка из любимых песен приходит тебе в голову прямо сейчас?'),
       ('fde9651f-8913-4ad0-b6b3-cabbc8ed3c75', '87bf97a3-9e60-438b-adff-a846c2830569',
        'Отвечает человек напротив: Запиши свою главную цель на следующий месяц. Сравни с целью собеседника.'),
       ('9e1af478-0170-44ce-b230-1425546ce0e2', '87bf97a3-9e60-438b-adff-a846c2830569',
        'Отвечает человек напротив: Как ты думаешь, я был(а) когда-то влюблен(а)?'),
       ('46d22a5c-7fc2-47bd-aa3d-34f36cbda268', '87bf97a3-9e60-438b-adff-a846c2830569',
        'Отвечает человек напротив: Как ты думаешь, есть ли типаж людей, который мне нравится. Какой он?'),
       ('22d72e1c-baf7-449c-8e75-231431f4a932', '87bf97a3-9e60-438b-adff-a846c2830569',
        'Отвечает человек напротив: Как ты думаешь, каким(ой) я был(а) в школе?'),
       ('f4c534fc-5948-422f-99cb-f7afea4ca881', '87bf97a3-9e60-438b-adff-a846c2830569',
        'Отвечает человек напротив: Как ты думаешь, что значит мое имя?'),
       ('01838df2-cd03-4a81-a8b9-1fa487a4aa9f', '87bf97a3-9e60-438b-adff-a846c2830569',
        'Отвечает человек напротив: Что во мне ты заметил(а) в первую очередь?'),
       ('4c58ab7e-1366-417f-8d93-2046109a865e', '87bf97a3-9e60-438b-adff-a846c2830569',
        'Отвечает человек напротив: Ты хотел(а) бы стать известным(ой)? Каким образом?'),
       ('216c870d-3a48-4440-af1e-46291d4ff9a6', '87bf97a3-9e60-438b-adff-a846c2830569',
        'Отвечает человек напротив: За что в твоей жизни ты чувствуешь себя больше всего благодарным(ой)?'),
       ('e269d930-3f32-4506-b96e-36ecb7987e86', '87bf97a3-9e60-438b-adff-a846c2830569',
        'Отвечает человек напротив: Если бы ты мог(ла) изменить что-нибудь в том, как тебя воспитывали, что бы это было?'),
       ('6932512c-2954-4765-afac-69c9f5c01d9a', '87bf97a3-9e60-438b-adff-a846c2830569',
        'Отвечает человек напротив: Из чего состоит твой идеальный день?'),
       ('b145002f-342f-4176-a1e9-b5a5c4cb5714', '87bf97a3-9e60-438b-adff-a846c2830569',
        'Отвечает человек напротив: Когда ты в последний раз пел(а) для себя? А для кого-то другого?'),
       ('d4ede16a-e51f-405e-bf60-c45b63700d04', 'ea69befb-0585-4ada-9b5e-7bf905b53975',
        'Отвечает человек справа: Что было твоим счастливейшим воспоминанием за последний год?'),
       ('a04d3764-7c73-4988-af23-452a9dd1e3e9', 'ea69befb-0585-4ada-9b5e-7bf905b53975',
        'Отвечает человек справа: Ты изменил(а) свое мнение о чем-нибудь в последнее время?'),
       ('db3d267f-396b-444e-90bb-094155e390c1', 'ea69befb-0585-4ada-9b5e-7bf905b53975',
        'Отвечает человек справа: Какое твое самое раннее воспоминание о счастье?'),
       ('954dc01d-b346-474e-82dd-12d353bef600', 'ea69befb-0585-4ada-9b5e-7bf905b53975',
        'Отвечает человек справа: От какой привычки ты отчаивался(лась) дольше всего?'),
       ('f5a78497-704d-45da-8b1a-9590167120b2', 'ea69befb-0585-4ada-9b5e-7bf905b53975',
        'Отвечает человек справа: Ты лжешь себе о чем-нибудь?'),
       ('b7037ad8-9655-48de-9c1b-67a577cda6da', 'ea69befb-0585-4ada-9b5e-7bf905b53975',
        'Отвечает человек справа: На какие вопросы ты пытаешься ответить в своей жизни прямо сейчас?'),
       ('c232d10f-724d-403c-859d-6d35f828129a', 'ea69befb-0585-4ada-9b5e-7bf905b53975',
        'Отвечает человек справа: Когда в последний раз ты удивлялся себе?'),
       ('c66dd58e-e02d-4061-8aae-e92400041bb8', 'ea69befb-0585-4ada-9b5e-7bf905b53975',
        'Отвечает человек справа: Какое название ты бы дал(а) этой главе в своей жизни?'),
       ('33423574-0182-455e-a0e7-c2575c462277', 'ea69befb-0585-4ada-9b5e-7bf905b53975',
        'Отвечает человек справа: Чего бы тебе сейчас хотелось больше всего?'),
       ('5111e13c-2749-4188-b450-e358f7003946', 'ea69befb-0585-4ada-9b5e-7bf905b53975',
        'Отвечает человек справа: Закончи предложение: Незнакомцы описали бы меня, как ..., но только знаю, что я ...'),
       ('b01c9837-e6a4-4b72-b751-780cbfaeb763', 'ea69befb-0585-4ada-9b5e-7bf905b53975',
        'Отвечает человек справа: Какую самую сильную нефизическую боль ты переживал(а)?'),
       ('c070f365-02f0-434a-a385-bcd4fb071c42', 'ea69befb-0585-4ada-9b5e-7bf905b53975',
        'Отвечает человек справа: Был ли случай, когда незнакомец изменил твою жизнь?'),
       ('f841f59b-da24-4f70-9474-548fd030840a', 'ea69befb-0585-4ada-9b5e-7bf905b53975',
        'Отвечает человек справа: Как звали твою первую любовь и почему ты влюбился(лась) в него/нее?'),
       ('b1a30370-25f5-4f6a-86da-61db3c9a90d9', 'ea69befb-0585-4ada-9b5e-7bf905b53975',
        'Отвечает человек слева: Как бы ты описал(а) ощущение влюбленности одним словом?'),
       ('87013f78-b206-49e4-a172-4ebd3c4fb8c2', 'ea69befb-0585-4ada-9b5e-7bf905b53975',
        'Отвечает человек слева: Чего ты больше боишься: провала или успеха и почему?'),
       ('097cda23-c561-4549-9c0c-b22d3e884aa5', 'ea69befb-0585-4ada-9b5e-7bf905b53975',
        'Отвечает человек слева: От какой мечты ты отказался(лась)?'),
       ('b9869947-16f6-4102-87eb-ab8dc7e2ad8b', 'ea69befb-0585-4ada-9b5e-7bf905b53975',
        'Отвечает человек слева: Если бы вы могли узнать кого-то в своей жизни на более глубоком уровне, кто бы это был и почему?'),
       ('52b208fb-001d-4307-907d-9648391bed54', 'ea69befb-0585-4ada-9b5e-7bf905b53975',
        'Отвечает человек слева: Как зовут твою маму, и что самое прекрасное в ней?'),
       ('33322e61-2bd2-4f0e-9b47-f63d3206dcb2', 'ea69befb-0585-4ada-9b5e-7bf905b53975',
        'Отвечает человек слева: Какая часть твоей жизни работает хорошо, а какая страдает?'),
       ('6abf82c0-eb12-4517-b5eb-8c7c6df68bdc', 'ea69befb-0585-4ada-9b5e-7bf905b53975',
        'Отвечает человек слева: Как ты можешь стать лучшей версией себя?'),
       ('784612b4-0115-429d-b03e-4fa3a022f793', 'ea69befb-0585-4ada-9b5e-7bf905b53975',
        'Отвечает человек слева: Ты по кому-нибудь сейчас скучаешь? Как ты думаешь они скучают по тебе?'),
       ('1f88cdff-96d7-4f8a-ad8b-ec26b20a7ab1', 'ea69befb-0585-4ada-9b5e-7bf905b53975',
        'Отвечает человек слева: Как ты думаешь, в какой фаст-фуд ресторан я скорее всего пойду? Что я скорее всего закажу?'),
       ('5622c1c3-d632-4034-8291-c551678e2024', 'ea69befb-0585-4ada-9b5e-7bf905b53975',
        'Отвечает человек слева: Чем я могу отталкивать людей?'),
       ('916681a4-7e67-4320-a573-95844dfc7a3c', 'ea69befb-0585-4ada-9b5e-7bf905b53975',
        'Отвечает человек слева: Когда тебя спрашивают как дела, как часто ты отвечаешь правдиво?'),
       ('e040ece5-d025-4397-8ed3-d68791faa1d8', 'ea69befb-0585-4ada-9b5e-7bf905b53975',
        'Отвечает человек слева: Как твои дела? А на самом деле?'),
       ('acbfb7e8-f5de-4370-a404-75742b262ef9', 'ea69befb-0585-4ada-9b5e-7bf905b53975',
        'Отвечает человек слева: Что самое необычное, что случалось с тобой?'),
       ('72b04a70-808e-48a5-9c85-c470210b3bde', 'ea69befb-0585-4ada-9b5e-7bf905b53975',
        'Отвечает человек напротив: Как зовут твоего отца? Расскажи мне одну вещь о нем'),
       ('d2c93c1c-cfb0-4126-912a-515ec8c3ea45', 'ea69befb-0585-4ada-9b5e-7bf905b53975',
        'Отвечает человек напротив: Если бы ты мог(ла) быть где угодно и делать что угодно - где бы ты был(а) и что бы ты делал(а)?'),
       ('a7f16801-e2cb-40dc-ae87-d54bbfef3ae7', 'ea69befb-0585-4ada-9b5e-7bf905b53975',
        'Отвечает человек напротив: Опиши свой идеальный день'),
       ('c12a9a35-dbce-42fa-965b-976bede31a30', 'ea69befb-0585-4ada-9b5e-7bf905b53975',
        'Отвечает человек напротив: Какой совет ты бы дал(а) себе из прошлого?'),
       ('ea3042f6-0df5-4562-acc4-71e092ff47c7', 'ea69befb-0585-4ada-9b5e-7bf905b53975',
        'Отвечает человек напротив: На сколько лет ты себя ощущаешь?'),
       ('f6dfbe10-df49-4ef0-a199-910b16006fa4', 'ea69befb-0585-4ada-9b5e-7bf905b53975',
        'Отвечает человек напротив: Что самое неловкое случалось с тобой на свидании?'),
       ('fc686027-ec08-4e6c-9a38-924098a94dc8', 'ea69befb-0585-4ada-9b5e-7bf905b53975',
        'Отвечает человек напротив: Что бы ты мог(ла) сделать лучше в предыдущих отношениях?'),
       ('2924a65a-8bc3-46ec-a0e5-d4815d082823', 'ea69befb-0585-4ada-9b5e-7bf905b53975',
        'Отвечает человек напротив: Есть ли у тебя образ, от которого ты бы хотел избавиться?'),
       ('b820d003-53a3-4c88-a544-f19d6459be6e', 'ea69befb-0585-4ada-9b5e-7bf905b53975',
        'Отвечает человек напротив: Чему люди, которые тебя воспитывали, научили тебя о любви?'),
       ('b7466156-83fb-43c2-b3ea-b8ce73867575', 'ea69befb-0585-4ada-9b5e-7bf905b53975',
        'Отвечает человек напротив: Опиши свое идеальное свидание'),
       ('c6c1ab08-9edc-47b4-82bd-1c5d4a3ddd62', 'ea69befb-0585-4ada-9b5e-7bf905b53975',
        'Отвечает человек напротив: Чему ты научился(лась) в романтических отношениях? Чему ты научился(лась), когда был(а) один(на)?'),
       ('3f91996a-fce9-406c-adb2-5dcea0915f2c', 'ea69befb-0585-4ada-9b5e-7bf905b53975',
        'Отвечает человек напротив: Какой вопрос ты бы хотел(а), чтобы тебя чаще спрашивали?'),
       ('72d37787-f354-4d4f-8c5e-d42d928dcfe7', 'ea69befb-0585-4ada-9b5e-7bf905b53975',
        'Отвечает человек напротив: Чем ты страстно увлекаешься?'),
       ('62127e7c-984e-4fca-b730-1cfe3a5518fd', 'ea69befb-0585-4ada-9b5e-7bf905b53975',
        'Отвечает человек напротив: Чему в данный момент ты уделяешь недостаточно времени?'),
       ('72b81adf-57a8-4ea1-bfb9-85ddbb14106e', '2afed974-5981-4de8-83e3-239cffb164da',
        'Отвечает человек справа: После нашего разговора. какую книгу ты бы посоветовал(а) мне почитать?'),
       ('1bbba8bd-26b8-4ae5-a57d-6a001e341ea2', '2afed974-5981-4de8-83e3-239cffb164da',
        'Отвечает человек справа: Что во мне тебя удивило?'),
       ('a6b06221-88df-4439-80ba-2ad74ebbe7dc', '2afed974-5981-4de8-83e3-239cffb164da',
        'Отвечает человек справа: Как ты думаешь какая у меня суперспособность?'),
       ('64df7690-6d74-4d70-beb4-5b84a8ec13a1', '2afed974-5981-4de8-83e3-239cffb164da',
        'Отвечает человек справа: Как ты думаешь, какие наши самые важные сходства?'),
       ('82e68d30-b5de-4d25-bc96-41603b19de3a', '2afed974-5981-4de8-83e3-239cffb164da',
        'Отвечает человек справа: Как ты думаешь, какую одну вещь я могу сделать, чтобы значительно улучшить свою жизнь?'),
       ('cf9a6c42-28e6-450a-9e50-834cb2f4b208', '2afed974-5981-4de8-83e3-239cffb164da',
        'Отвечает человек справа: Что было бы идеальным подарком для меня?'),
       ('c31bf1ed-624e-4c29-b015-079b4c146d84', '2afed974-5981-4de8-83e3-239cffb164da',
        'Отвечает человек справа: Как бы ты описал(а) меня незнакомцу(ке)?'),
       ('3184cde4-c20a-4324-ac2a-b1f9ceeddff4', '2afed974-5981-4de8-83e3-239cffb164da',
        'Отвечает человек справа: Что мне нужно услышать прямо сейчас?'),
       ('80c0782b-7593-406b-87ab-3fa746a7c5c9', '2afed974-5981-4de8-83e3-239cffb164da',
        'Отвечает человек справа: Какой урок ты вынес(ла) из нашего разговора?'),
       ('1daa2943-6e42-448e-9929-4475eb6bc986', '2afed974-5981-4de8-83e3-239cffb164da',
        'Отвечает человек справа: Чем я могу тебе помочь?'),
       ('9f937b1b-c84e-42b3-91e7-ed0be7e20e7f', '2afed974-5981-4de8-83e3-239cffb164da',
        'Отвечает человек справа: Как ты думаешь, чего я боюсь больше всего?'),
       ('a53db527-f41b-4798-91a0-ddc8f0eac291', '2afed974-5981-4de8-83e3-239cffb164da',
        'Отвечает человек справа: Как ты думаешь, о чем я могу давать советы?'),
       ('556751f5-9d5e-46bb-aef0-e8b5045c2781', '2afed974-5981-4de8-83e3-239cffb164da',
        'Отвечает человек справа: Что тебе труднее всего понять во мне?'),
       ('fd34813d-8677-4c0c-ae7f-0f84144af862', '2afed974-5981-4de8-83e3-239cffb164da',
        'Отвечает человек справа: Если бы мы были музыкальной группой, как бы мы назывались?'),
       ('49840691-1fe2-49c8-b25a-cdd6a9ff3966', '2afed974-5981-4de8-83e3-239cffb164da',
        'Отвечает человек справа: Признайся в чем-то'),
       ('d51012fa-02b9-4f4b-865f-6f42cd1610cc', '2afed974-5981-4de8-83e3-239cffb164da',
        'Отвечает человек справа: Какие части себя ты видишь во мне?'),
       ('59ffc567-2cfb-41d9-a25c-c794433e81b7', '2afed974-5981-4de8-83e3-239cffb164da',
        'Отвечает человек слева: Что помогает тебе раскрыться перед другим человеком?'),
       ('7e439092-e6f3-4ea1-b2fe-0f30e21ff368', '2afed974-5981-4de8-83e3-239cffb164da',
        'Отвечает человек слева: Что ты посоветуешь мне отпустить?'),
       ('8d63798f-6373-4fc8-8860-f68a06d6b9fb', '2afed974-5981-4de8-83e3-239cffb164da',
        'Отвечает человек слева: Чему этот разговор научил тебя о себе?'),
       ('3e066b06-ba7a-4114-b509-cc632b688005', '2afed974-5981-4de8-83e3-239cffb164da',
        'Отвечает человек слева: Как ты думаешь, какая моя самая определяющая черта характера?'),
       ('de121292-97bc-4e4b-a82b-cb4d34dc7ff2', '2afed974-5981-4de8-83e3-239cffb164da',
        'Отвечает человек слева: На какой вопрос тебе было сложнее всего ответить?'),
       ('7d99635a-1554-47e1-a4e6-aed2b7c0f30e', '2afed974-5981-4de8-83e3-239cffb164da',
        'Отвечает человек слева: Как ты думаешь, почему мы встретились?'),
       ('a1ca780a-3b8c-468c-992f-7963497ff260', '2afed974-5981-4de8-83e3-239cffb164da',
        'Отвечает человек слева: После нашего разговора что ты будешь помнить обо мне?'),
       ('ce388605-1d8a-4e42-a4f9-afa968e4a4a2', '2afed974-5981-4de8-83e3-239cffb164da',
        'Отвечает человек слева: Как ты думаешь в чем моя слабость?'),
       ('8556efd3-af6c-4e78-b786-81b383920cb8', '2afed974-5981-4de8-83e3-239cffb164da',
        'Отвечает человек слева: Как наши личности дополняют друг друга?'),
       ('5c6bb189-b6f2-4f6a-b5a5-13a5683c3d1b', '2afed974-5981-4de8-83e3-239cffb164da',
        'Отвечает человек слева: Как ты думаешь, что я должен знать о себе, чего, возможно, я не знаю?'),
       ('0e791cc6-75b1-433d-9b57-c7d3b5a84829', '2afed974-5981-4de8-83e3-239cffb164da',
        'Отвечает человек слева: Как бы ты почувствовал(а) себя ближе ко мне?'),
       ('320870f3-1ef5-4810-9963-764d0517ddcb', '2afed974-5981-4de8-83e3-239cffb164da',
        'Отвечает человек слева: Опиши как ты чувствуешь себя прямо сейчас одним словом'),
       ('abba2871-000b-4f97-8c88-8cd1a8a097e5', '2afed974-5981-4de8-83e3-239cffb164da',
        'Отвечает человек слева: Веришь ли ты, что у каждого человека есть призвание? Если это так, как ты думаешь, я нашел(ла) свое?'),
       ('f3a14254-7012-4c49-b32f-cba737320a74', '2afed974-5981-4de8-83e3-239cffb164da',
        'Отвечает человек слева: Что мы можем создать вместе?'),
       ('0a5af0c8-6dd3-4ed7-a308-a030b6eb6f4e', '2afed974-5981-4de8-83e3-239cffb164da',
        'Отвечает человек слева: Какой мой ответ дал тебе инсайт о себе?'),
       ('b203f7ff-f96a-4fbe-a0b3-dec28e1ed1e9', '2afed974-5981-4de8-83e3-239cffb164da',
        'Отвечает человек слева: Что не в моей внешности привлекает тебя больше всего?'),
       ('0f319c9f-2ab1-4082-9410-a44ea0a42085', '2afed974-5981-4de8-83e3-239cffb164da',
        'Отвечает человек напротив: Совпали ли первые впечатления от меня с тем, как я раскрывался(лась) в течение нашего разговора?'),
       ('93ee53b6-6428-4dfc-b38e-92d66f5af5d8', '2afed974-5981-4de8-83e3-239cffb164da',
        'Отвечает человек напротив: Что тебя больше всего восхищает во мне?'),
       ('e3df6972-79ff-4618-8ad1-0c5bbe995a48', '2afed974-5981-4de8-83e3-239cffb164da',
        'Отвечает человек напротив: Как бы ты описал меня незнакомцу?'),
       ('76d430c1-570c-4bf3-874d-b86c51b200da', '2afed974-5981-4de8-83e3-239cffb164da',
        'Отвечает человек напротив: Чему я могу научить тебя?'),
       ('6384dce2-59bb-4db5-93ed-464876265a64', '2afed974-5981-4de8-83e3-239cffb164da',
        'Отвечает человек напротив: Что бы ты хотел(а) узнать от меня?'),
       ('645d6d33-cc39-4ce7-be4e-49c8ce62e3f7', '2afed974-5981-4de8-83e3-239cffb164da',
        'Отвечает человек напротив: Что во мне больше всего удивило тебя?'),
       ('7b368f83-8c3d-46f2-b029-a8139a3a1faa', '2afed974-5981-4de8-83e3-239cffb164da',
        'Отвечает человек напротив: Чем я могу тебе помочь?'),
       ('a5f6eb96-9226-483e-9af2-31525c18e7ae', '2afed974-5981-4de8-83e3-239cffb164da',
        'Отвечает человек напротив: О ком ты часто  думаешь в последнее время? Придумай, как дать им знать, что ты думаешь о них'),
       ('d8a9b4e5-a78a-4229-ab50-04381c6dea27', '2afed974-5981-4de8-83e3-239cffb164da',
        'Отвечает человек напротив: Как бы ты описал(а) наш разговор в двух словах?'),
       ('531b89b1-8a27-40d8-ab50-541a6799cdaa', '2afed974-5981-4de8-83e3-239cffb164da',
        'Отвечает человек напротив: Чему в твоей жизни сегодня не поверил бы ты из прошлого?'),
       ('8b6ce1ee-778e-4c8e-bd7e-903edfebaccd', '2afed974-5981-4de8-83e3-239cffb164da',
        'Отвечает человек напротив: Как наши характеры дополняют друг друга?'),
       ('920d509f-967a-48ef-8f93-521ce703e0e6', '2afed974-5981-4de8-83e3-239cffb164da',
        'Отвечает человек напротив: Как ты думаешь, совпадает ли то, как видят тебя другие люди с тем, какой(а)я ты есть на самом деле?'),
       ('d1c6d552-0044-44f5-a060-f29d91df52ef', '2afed974-5981-4de8-83e3-239cffb164da',
        'Отвечает человек напротив: Как я могу добавить 1% счастья в твою жизнь?'),
       ('681b10af-4e74-4a01-9503-d3b0cbf801e2', '2afed974-5981-4de8-83e3-239cffb164da',
        'Отвечает человек напротив: Скажи три правдивых высказывания о нас. Например, "Сейчас мы оба чувствуем..."'),
       ('59575568-be73-4d4a-b2c8-a7a37d30edd6', '2afed974-5981-4de8-83e3-239cffb164da',
        'Отвечает человек напротив: Когда ты в последний раз плакал(а) перед другим человеком? А в одиночестве?'),
       ('f0543314-ee90-4c41-9298-059454e6bc8a', '2afed974-5981-4de8-83e3-239cffb164da',
        'Отвечает человек напротив: Каким способом лучше всего показать свою любовь к кому-то?');

INSERT INTO questions
values ('f521851e-a138-4c42-bc10-f1f8aa487263', '95276471-2ef2-41d2-b543-43045373d2ad',
        'Что самое сложное в том деле, которым ты зарабатываешь себе на жизнь?'),
       ('0af89510-eeb9-45fe-8a7d-231824e7a2a8', '95276471-2ef2-41d2-b543-43045373d2ad',
        'Что было первое, что ты заметил(а) в человеке напротив тебя?'),
       ('0e15392e-6776-4422-9528-830ce155cc15', '95276471-2ef2-41d2-b543-43045373d2ad',
        'Если бы ты покупал(а) подарок соседу слева, зная только как он выглядит, что бы это было?'),
       ('62fb83c7-337f-46fe-a98b-686793a1427c', '95276471-2ef2-41d2-b543-43045373d2ad',
        'Растения у тебя дома цветут или умирают? Объясни почему.'),
       ('389c4e88-900c-4661-aaa9-792865a37b70', '95276471-2ef2-41d2-b543-43045373d2ad',
        'Ты выглядишь добрым(ой)? Почему, или почему нет?'),
       ('3c9e67fc-3ef7-4606-83c2-febb62406bb5', '95276471-2ef2-41d2-b543-43045373d2ad',
        'У тебя более творческий или аналитический склад ума? Почему?'),
       ('fa10022d-3a6d-4631-adba-e1b15738aa6b', '95276471-2ef2-41d2-b543-43045373d2ad',
        'Ты похож(а) на человека, который сделал бы татуировку чьего-то имени? Почему?'),
       ('2f8e673d-00a0-4e18-8c8f-4165ae44480c', '95276471-2ef2-41d2-b543-43045373d2ad',
        'Что о человеке наротив говорит тебе его обувь?'),
       ('f3be2a2c-ba63-4574-874c-7054c517076d', '95276471-2ef2-41d2-b543-43045373d2ad',
        'Тебя когда-нибудь увольняли с работы? Если да, то за что?'),
       ('2aa04e1c-a072-4ef5-80ed-e4e402f72e31', '95276471-2ef2-41d2-b543-43045373d2ad',
        'Каково было твое первое впечатление о соседе справа?'),
       ('dc33d457-8c9c-4447-bbe8-5e8be21ca186', '95276471-2ef2-41d2-b543-43045373d2ad', 'Что в тебе интригует других?'),
       ('cd86c4d1-7f47-4c68-8a7c-f6c9b715e09f', '95276471-2ef2-41d2-b543-43045373d2ad',
        'Кем ты хотел(а) стать в детстве?'),
       ('34b8bfde-f737-4a0f-8b2f-ac8501894859', '95276471-2ef2-41d2-b543-43045373d2ad',
        'Смотря на тебя, люди сразу думают о...'),
       ('0abed08a-0028-4908-8750-037da2e356a3', '95276471-2ef2-41d2-b543-43045373d2ad',
        'Ты был(а) популярен(на) в школе?'),
       ('001155ff-5834-47f6-8455-014554662b7e', '95276471-2ef2-41d2-b543-43045373d2ad',
        'Сколько штрафов ты получал(а) в своей жизни?'),
       ('dc81b6de-b0b1-4899-8886-fe6f2a5c8cfc', '95276471-2ef2-41d2-b543-43045373d2ad', 'Легко ли ты влюбляешься?'),
       ('b3df2c47-7aea-4db4-bce3-ab0aa329b972', '95276471-2ef2-41d2-b543-43045373d2ad',
        'Какой комплимент ты слышишь чаще всего?'),
       ('a9e28ad8-f403-4197-a68c-db4118a3767e', '95276471-2ef2-41d2-b543-43045373d2ad',
        'Ты когда-либо проверял(а) переписки партнера?'),
       ('3ce31272-a33c-40bf-98fe-60691cd613e3', '95276471-2ef2-41d2-b543-43045373d2ad',
        'Какой предмет в школе был твоим любимым? А какой ты не любил(а)?'),
       ('5a264f1c-3899-4a5f-922d-b3fcb77c0c9b', '95276471-2ef2-41d2-b543-43045373d2ad',
        'Ты предпочитаешь чай, или кофе? С сахаром, или без?'),
       ('ade00e13-36e6-4514-b85e-77a41a7b65bd', '95276471-2ef2-41d2-b543-43045373d2ad',
        'Кем ты хотел(а) стать в детстве?'),
       ('4901c750-e2bf-4507-a89e-16afca5d9ed2', '95276471-2ef2-41d2-b543-43045373d2ad', 'Ты жаворонок или сова?'),
       ('14a10b90-1918-41b7-b11b-934ca5a92cb4', '95276471-2ef2-41d2-b543-43045373d2ad',
        'Ты чаще опаздываешь, или приходишь вовремя?'),
       ('ccb177ae-d4b8-42d3-ac62-0580d256d2f8', '95276471-2ef2-41d2-b543-43045373d2ad',
        'Человек напротив похож на кого-то из твоих знакомых?'),
       ('c70dd625-5d64-42e0-ba15-202aeaa6aa84', '95276471-2ef2-41d2-b543-43045373d2ad',
        'На что ты готов(а) потратить много денег?'),
       ('e1affe10-6458-4cd5-a8b6-347b9f981b68', '95276471-2ef2-41d2-b543-43045373d2ad',
        'Ты обычно коннектишься с такими как человек справа?'),
       ('a81b42a0-a432-4222-95e0-f8a7ffbe4ff4', '95276471-2ef2-41d2-b543-43045373d2ad',
        'Пугает ли тебя что-то в человеке слева? Почему или почему нет?'),
       ('136e91e9-0a17-4bb7-972c-90171c85426f', '95276471-2ef2-41d2-b543-43045373d2ad',
        'Какая строчка из любимых песен приходит тебе в голову прямо сейчас?'),
       ('2d16a73f-69a1-4d61-8769-ac7ce0dd8502', '95276471-2ef2-41d2-b543-43045373d2ad',
        'Запишите свою главную цель на следующий месяц. Зачитайте их по очереди.'),
       ('f7db7a69-59aa-49f0-9fff-b367a40515fb', '95276471-2ef2-41d2-b543-43045373d2ad',
        'Ты был(а) когда-то влюблен(а)?'),
       ('b343184b-b2c9-4099-8f7d-d0df9fa56193', '95276471-2ef2-41d2-b543-43045373d2ad',
        'Какой типаж людей тебе нравится?'),
       ('0d6bd246-38c1-4c07-b769-17e7e28f7430', '95276471-2ef2-41d2-b543-43045373d2ad', 'Каким(ой) ты был(а) в школе?'),
       ('29b71275-2f02-4297-9701-789c1c0ea36d', '95276471-2ef2-41d2-b543-43045373d2ad', 'Что значит твое имя?'),
       ('81877e43-0215-4419-973c-6c41e0f4d68b', '95276471-2ef2-41d2-b543-43045373d2ad',
        'Ты хотел(а) бы стать известным(ой)? Каким образом?'),
       ('87470048-d43c-46d8-b738-7e337256bf03', '95276471-2ef2-41d2-b543-43045373d2ad',
        'За что в твоей жизни ты чувствуешь себя больше всего благодарным(ой)?'),
       ('374216e7-91e0-4065-a2fa-ff1e6f0a42c1', '95276471-2ef2-41d2-b543-43045373d2ad',
        'Если бы ты мог(ла) изменить что-нибудь в том, как тебя воспитывали, что бы это было?'),
       ('e1c33f76-83c4-4144-a217-3906f12b28ef', '95276471-2ef2-41d2-b543-43045373d2ad',
        'Из чего состоит твой идеальный день?'),
       ('a38a1dc1-1315-471c-84d7-0f4612d33d02', '95276471-2ef2-41d2-b543-43045373d2ad',
        'Когда ты в последний раз пел(а) для себя? А для кого-то другого?'),
       ('6711163c-18a1-41ca-acf9-aadacd62e646', '95276471-2ef2-41d2-b543-43045373d2ad',
        'Внимательно посмотрите в глаза человеку напротив и опишите его глаза'),
       ('4aad2b2f-e7ce-4e33-b515-0b42ce877245', '73763a6e-4ce0-412c-89ee-e5ab4b731795',
        'Что было твоим счастливейшим воспоминанием за последний год?'),
       ('27972be9-42b9-4210-b355-1e900cf65aa8', '73763a6e-4ce0-412c-89ee-e5ab4b731795',
        'Ты изменил(а) свое мнение о чем-нибудь в последнее время?'),
       ('44556bf1-afea-451c-9268-8dc04aa20288', '73763a6e-4ce0-412c-89ee-e5ab4b731795',
        'Какое твое самое раннее воспоминание о счастье?'),
       ('a47903f8-cb64-4156-bb5c-e9c792181e1b', '73763a6e-4ce0-412c-89ee-e5ab4b731795',
        'От какой привычки ты отчаивался(лась) дольше всего?'),
       ('86801571-f785-440c-a987-494d5bdad89f', '73763a6e-4ce0-412c-89ee-e5ab4b731795', 'Ты лжешь себе о чем-нибудь?'),
       ('c3d276bb-a8a3-4c7f-b669-345d3a032236', '73763a6e-4ce0-412c-89ee-e5ab4b731795',
        'На какие вопросы ты пытаешься ответить в своей жизни прямо сейчас?'),
       ('1b91066e-60c4-4a35-a1b9-87e3e534f598', '73763a6e-4ce0-412c-89ee-e5ab4b731795',
        'Когда в последний раз ты удивлялся себе?'),
       ('7f79aebf-1d89-4a12-afc5-fdc71d968b9a', '73763a6e-4ce0-412c-89ee-e5ab4b731795',
        'Какое название ты бы дал(а) этой главе в своей жизни?'),
       ('9651c581-06ec-444a-b957-009da86730f1', '73763a6e-4ce0-412c-89ee-e5ab4b731795',
        'Чего бы тебе сейчас хотелось больше всего?'),
       ('9696f83d-96f0-4bb1-bb97-17daf6cd2063', '73763a6e-4ce0-412c-89ee-e5ab4b731795',
        'Закончи предложение: Незнакомцы описали бы меня, как ..., но только знаю, что я ...'),
       ('6ec0a64a-5706-4bb8-8aa7-27e24f5f4477', '73763a6e-4ce0-412c-89ee-e5ab4b731795',
        'Какую самую сильную нефизическую боль ты переживал(а)?'),
       ('17abd4dc-2d04-4e84-804b-cb58e0b051c9', '73763a6e-4ce0-412c-89ee-e5ab4b731795',
        'Был ли случай, когда незнакомец изменил твою жизнь?'),
       ('b7a5c1e6-41d7-4f91-908c-6e659d805fec', '73763a6e-4ce0-412c-89ee-e5ab4b731795',
        'Как звали твою первую любовь и почему ты влюбился(лась) в него/нее?'),
       ('6f936b08-a070-4311-a17d-4ccd89cbf7c8', '73763a6e-4ce0-412c-89ee-e5ab4b731795',
        'Как бы ты описал(а) ощущение влюбленности одним словом?'),
       ('609d0cb9-fadb-4843-b2f0-b625c7fb9152', '73763a6e-4ce0-412c-89ee-e5ab4b731795',
        'Чего ты больше боишься: провала или успеха и почему?'),
       ('5f99a0c6-e893-4a6d-b0bb-a2caef2c687d', '73763a6e-4ce0-412c-89ee-e5ab4b731795',
        'От какой мечты ты отказался(лась)?'),
       ('e9263fc0-b1e6-4a81-8b22-abeb174500f4', '73763a6e-4ce0-412c-89ee-e5ab4b731795',
        'Если бы вы могли узнать кого-то в своей жизни на более глубоком уровне, кто бы это был и почему?'),
       ('71cba235-4ccd-48c6-8036-5e47e5ea9c60', '73763a6e-4ce0-412c-89ee-e5ab4b731795',
        'Как зовут твою маму, и что самое прекрасное в ней?'),
       ('a2ccd952-4b6a-4f30-b8db-4c819e124a99', '73763a6e-4ce0-412c-89ee-e5ab4b731795',
        'Какая часть твоей жизни работает хорошо, а какая страдает?'),
       ('a167e454-4f4a-460d-ba1e-1949fe1839cd', '73763a6e-4ce0-412c-89ee-e5ab4b731795',
        'Как ты можешь стать лучшей версией себя?'),
       ('8fc712bd-7b17-4fd7-a05e-322f2bab1ef9', '73763a6e-4ce0-412c-89ee-e5ab4b731795',
        'Ты по кому-нибудь сейчас скучаешь? Как ты думаешь они скучают по тебе?'),
       ('d53014a8-b5e0-4262-bd54-9cb2bd16aea0', '73763a6e-4ce0-412c-89ee-e5ab4b731795',
        'Как ты думаешь, в какой фаст-фуд ресторан я скорее всего пойду? Что я скорее всего закажу?'),
       ('910f5682-fadb-4c0e-bcef-3e2a73c0cbf4', '73763a6e-4ce0-412c-89ee-e5ab4b731795',
        'Чем я могу отталкивать людей?'),
       ('f25821b4-6203-4314-8cb6-d76974246728', '73763a6e-4ce0-412c-89ee-e5ab4b731795',
        'Когда тебя спрашивают как дела, как часто ты отвечаешь правдиво?'),
       ('cdc732a4-9f58-4d76-beb5-9cc4adaaec30', '73763a6e-4ce0-412c-89ee-e5ab4b731795',
        'Как твои дела? А на самом деле?'),
       ('3d33e602-cf07-420f-adaa-36d63b021d11', '73763a6e-4ce0-412c-89ee-e5ab4b731795',
        'Что самое необычное, что случалось с тобой?'),
       ('0001da94-ff3e-4373-b207-6b9a4a484891', '73763a6e-4ce0-412c-89ee-e5ab4b731795',
        'Как зовут твоего отца? Расскажи мне одну вещь о нем'),
       ('825a48a0-86c8-417e-a924-aee235fb4206', '73763a6e-4ce0-412c-89ee-e5ab4b731795',
        'Если бы ты мог(ла) быть где угодно и делать что угодно - где бы ты был(а) и что бы ты делал(а)?'),
       ('2d685819-911d-4887-b2b4-1c4582976362', '73763a6e-4ce0-412c-89ee-e5ab4b731795', 'Опиши свой идеальный день'),
       ('5b651da5-7df3-4f21-9135-4915920fbc7b', '73763a6e-4ce0-412c-89ee-e5ab4b731795',
        'Какой совет ты бы дал(а) себе из прошлого?'),
       ('3c858f57-79c2-4dec-90fc-8bac2624feb6', '73763a6e-4ce0-412c-89ee-e5ab4b731795',
        'На сколько лет ты себя ощущаешь?'),
       ('30a5629c-3a45-4088-b3ee-7e4362239ea2', '73763a6e-4ce0-412c-89ee-e5ab4b731795',
        'Что самое неловкое случалось с тобой на свидании?'),
       ('5e5a32f6-968f-4bc4-bab6-9adae22330dc', '73763a6e-4ce0-412c-89ee-e5ab4b731795',
        'Что бы ты мог(ла) сделать лучше в предыдущих отношениях?'),
       ('1dae7394-3e10-480f-ba1f-d9ef4b2fa32c', '73763a6e-4ce0-412c-89ee-e5ab4b731795',
        'Есть ли у тебя образ, от которого ты бы хотел избавиться?'),
       ('2f83facd-716c-439b-bf58-1baa9ab7cd6e', '73763a6e-4ce0-412c-89ee-e5ab4b731795',
        'Чему люди, которые тебя воспитывали, научили тебя о любви?'),
       ('12c96800-2b49-4d29-8941-68310b843fe1', '73763a6e-4ce0-412c-89ee-e5ab4b731795',
        'Опиши свое идеальное свидание'),
       ('d8df6251-798c-42f5-a340-5a454099a7d8', '73763a6e-4ce0-412c-89ee-e5ab4b731795',
        'Чему ты научился(лась) в романтических отношениях? Чему ты научился(лась), когда был(а) один(на)?'),
       ('a0c72e17-044d-48b3-8012-4112a394e8f7', '73763a6e-4ce0-412c-89ee-e5ab4b731795',
        'Какой вопрос ты бы хотел(а), чтобы тебя чаще спрашивали?'),
       ('e6fbe1b0-987c-4964-9cb7-0a52a974fc87', '73763a6e-4ce0-412c-89ee-e5ab4b731795', 'Чем ты страстно увлекаешься?'),
       ('1549581d-5ba0-43c2-a23e-e379c81cc340', '73763a6e-4ce0-412c-89ee-e5ab4b731795',
        'Чему в данный момент ты уделяешь недостаточно времени?'),
       ('d735b97f-d590-4ef4-a251-e7de865d2522', 'e3604fb7-bacc-4daf-8049-e37191a90399',
        'После нашего разговора. какую книгу ты бы посоветовал(а) почитать человеку напротив?'),
       ('34b83ff4-5fe5-435b-a96d-418b8e35f2c7', 'e3604fb7-bacc-4daf-8049-e37191a90399',
        'Что тебя удивило в человеке справа?'),
       ('8e62f61d-6e41-4672-a157-edd3b6085679', 'e3604fb7-bacc-4daf-8049-e37191a90399',
        'Как ты думаешь какая суперспособность у человека слева?'),
       ('a1cb3edb-16fb-43e6-895b-ac28bb4d3723', 'e3604fb7-bacc-4daf-8049-e37191a90399',
        'Как ты думаешь, какие ваши самые важные сходства?'),
       ('c2f8257e-4342-4e01-9762-d4c543ae387a', 'e3604fb7-bacc-4daf-8049-e37191a90399',
        'Какую одну вещь ты можешь сделать, чтобы значительно улучшить свою жизнь?'),
       ('8242f496-939f-48d1-82db-aa2246e4b2a2', 'e3604fb7-bacc-4daf-8049-e37191a90399',
        'Что было бы идеальным подарком для человека слева?'),
       ('cbe8cad1-4c8a-4ef6-863e-6588036dc9ab', 'e3604fb7-bacc-4daf-8049-e37191a90399',
        'Как бы ты описал(а) незнакомцу человека напротив?'),
       ('c9638371-29ca-4f66-b16f-35fa27f2bfa1', 'e3604fb7-bacc-4daf-8049-e37191a90399',
        'Отвечают все. Что мне нужно услышать прямо сейчас?'),
       ('d7f70118-8583-47e8-b0b6-32cdac3c98a2', 'e3604fb7-bacc-4daf-8049-e37191a90399',
        'Какой урок ты вынес(ла) из этого разговора?'),
       ('49ea6052-2481-4473-b59f-919b738aee1a', 'e3604fb7-bacc-4daf-8049-e37191a90399',
        'Чем тебе может помочь человек справа?'),
       ('582851bf-84d2-494a-b925-5b89bbed564a', 'e3604fb7-bacc-4daf-8049-e37191a90399',
        'Что тебе труднее всего понять в человеке слева?'),
       ('3df6ae89-dcee-4ea2-94ee-54ac7a8de917', 'e3604fb7-bacc-4daf-8049-e37191a90399',
        'Если бы мы были музыкальной группой, как бы мы назывались?'),
       ('0920e7cd-7921-4bbd-81b9-edf79a49e411', 'e3604fb7-bacc-4daf-8049-e37191a90399', 'Признайся в чем-то'),
       ('bab23f59-2844-4034-b737-6c66a9a6e2da', 'e3604fb7-bacc-4daf-8049-e37191a90399',
        'Какие части себя ты видишь в человеке напротив?'),
       ('2f4b963b-e49e-4834-b7c9-779d6a5a1056', 'e3604fb7-bacc-4daf-8049-e37191a90399',
        'Что помогает тебе раскрыться перед другим человеком?'),
       ('54227995-b971-4bb5-a3a9-05d1cdc6e56a', 'e3604fb7-bacc-4daf-8049-e37191a90399',
        'Чему этот разговор научил тебя о себе?'),
       ('b7b34ef8-f7f0-43f0-bfc1-8cf6bccc6e15', 'e3604fb7-bacc-4daf-8049-e37191a90399',
        'Какая твоя самая определяющая черта характера?'),
       ('b86522d9-abb9-423b-8ba0-bb753f568299', 'e3604fb7-bacc-4daf-8049-e37191a90399',
        'На какой вопрос тебе было сложнее всего ответить?'),
       ('cd1e1869-3428-4d59-a4cd-1890dcda5174', 'e3604fb7-bacc-4daf-8049-e37191a90399',
        'Как ты думаешь, почему вы встретились?'),
       ('1660bb83-22d1-40ca-a056-c5b51ad4e0db', 'e3604fb7-bacc-4daf-8049-e37191a90399',
        'После нашего разговора что ты будешь помнить о человеке наротив?'),
       ('d37a3982-2245-4e55-b958-3b416c26549b', 'e3604fb7-bacc-4daf-8049-e37191a90399',
        'Как ты думаешь в чем твоя слабость?'),
       ('a6235123-3e3e-4064-99ce-ab96edc5f10d', 'e3604fb7-bacc-4daf-8049-e37191a90399',
        'Как ваши личности дополняют друг друга?'),
       ('3d2cfbc7-0e04-4e78-ae01-04f0e38cdc0d', 'e3604fb7-bacc-4daf-8049-e37191a90399',
        'Опиши как ты чувствуешь себя прямо сейчас одним словом'),
       ('cfc760f9-d350-4497-9f3d-ccf1a8d8e757', 'e3604fb7-bacc-4daf-8049-e37191a90399',
        'Веришь ли ты, что у каждого человека есть призвание?'),
       ('cb430027-a6b7-4b02-8430-73fa2e34ef1c', 'e3604fb7-bacc-4daf-8049-e37191a90399', 'Что мы можем создать вместе?'),
       ('89bdb79a-c12f-45cc-a72d-8e5f82751b32', 'e3604fb7-bacc-4daf-8049-e37191a90399',
        'Отвечают все. Какой мой ответ дал вам инсайт о себе?'),
       ('65bab96d-7603-4ea1-84ed-de203ef7e4f4', 'e3604fb7-bacc-4daf-8049-e37191a90399',
        'Что привлекает тебя больше всего во внешности человека наротив?'),
       ('9a2f619a-d6d0-44cb-a830-44bbcae91cec', 'e3604fb7-bacc-4daf-8049-e37191a90399',
        'Что тебя больше всего восхищает в человеке слева?'),
       ('cc885ed0-1465-4497-b566-d7ff52ea1b9e', 'e3604fb7-bacc-4daf-8049-e37191a90399',
        'О ком ты часто  думаешь в последнее время? Придумай, как дать им знать, что ты думаешь о них'),
       ('7d6a7def-8c03-4b89-9d1c-630363d431a6', 'e3604fb7-bacc-4daf-8049-e37191a90399',
        'Как бы ты описал(а) этот разговор в двух словах?'),
       ('fade6dc3-e700-46d3-bb3a-8e34b307ef4b', 'e3604fb7-bacc-4daf-8049-e37191a90399',
        'Чему в твоей жизни сегодня не поверил бы ты из прошлого?'),
       ('1890da04-f265-4638-8206-04b8e0be2c3d', 'e3604fb7-bacc-4daf-8049-e37191a90399',
        'Каким способом лучше всего показать свою любовь к кому-то?');

INSERT INTO questions
values ('2c9f652e-1f33-46be-8611-2abece8579c3', 'f15a9b08-2fdc-4bd8-afe3-38e6ce935d9a',
        'Чем бы ты хотел(а) заниматься вместе с партнером?'),
       ('cd6b2bb0-b999-4c9b-b6d9-55e5176c86b9', 'f15a9b08-2fdc-4bd8-afe3-38e6ce935d9a',
        'Ты бы хотел(а) домашнее животное? Если да, то какое?'),
       ('0151f3bb-6434-48bf-b2ce-a4917fea477b', 'f15a9b08-2fdc-4bd8-afe3-38e6ce935d9a',
        'Какие традиции семьи ты бы хотел(а) перенести в жизнь с партнером?'),
       ('b6e487e4-7395-4fed-bd50-3713c4a8b8c9', 'f15a9b08-2fdc-4bd8-afe3-38e6ce935d9a', 'Как ты любишь расслабляться?'),
       ('1acbe67f-0108-492a-ab59-23b902c8b362', 'f15a9b08-2fdc-4bd8-afe3-38e6ce935d9a',
        'За какие сферы хотел(а) бы отвечать ты, а какие - делегировать партнеру?'),
       ('cc331637-aa88-4227-a22d-a4426aea24fb', 'f15a9b08-2fdc-4bd8-afe3-38e6ce935d9a', 'Что ты ценишь в партнере?'),
       ('7b604b8a-c4b9-49bc-adc2-88cc54501ff4', 'f15a9b08-2fdc-4bd8-afe3-38e6ce935d9a',
        'Какой ты видишь свою старость?'),
       ('197abb75-d435-4d05-ad8c-6c4767a1db03', 'f15a9b08-2fdc-4bd8-afe3-38e6ce935d9a', 'Какие твои цели в жизни?'),
       ('756ecf3a-25b7-4c59-a864-f0015b6019f2', 'f15a9b08-2fdc-4bd8-afe3-38e6ce935d9a',
        'Что тебе хочется делать в одиночестве?'),
       ('5ee60a18-31b0-4129-97f7-bff7a11165c8', 'f15a9b08-2fdc-4bd8-afe3-38e6ce935d9a',
        'Какие знаки внимания со стороны партнера тебе важны?'),
       ('3fd2b9a0-f8bd-4783-b14f-32f27d51d1f8', 'f15a9b08-2fdc-4bd8-afe3-38e6ce935d9a',
        'Каким и где ты видишь себя через 5 лет?'),
       ('9127752c-4fbc-4e6c-b129-57d54eb7ee8a', 'f15a9b08-2fdc-4bd8-afe3-38e6ce935d9a',
        'Как делить бюджет с партнером?'),
       ('1f5ffa89-a490-4410-8d3d-c0e956e46001', 'f15a9b08-2fdc-4bd8-afe3-38e6ce935d9a',
        'Что ты понимаешь под поддержкой со стороны партнера?'),
       ('bddb2e92-7f09-4294-9161-cde82839b18e', 'f15a9b08-2fdc-4bd8-afe3-38e6ce935d9a',
        'Как по-твоему, партнер мог бы себя вести во время ссоры, чтобы она быстрее рассосалась?'),
       ('e9b3971f-2f50-4285-b035-91b9e6acee62', 'b49aef79-3d09-4899-8eaa-f2011e837bae',
        'Чего партнеру точно не стоит делать, чтобы не разозлить тебя?'),
       ('6b6c8df1-cb92-43f8-ab69-1f2191ff1b13', 'b49aef79-3d09-4899-8eaa-f2011e837bae',
        'Ты хочешь детей? Если да, то когда?'),
       ('2ead8c17-e1c3-49ca-be5c-ffac9545e45d', 'b49aef79-3d09-4899-8eaa-f2011e837bae', 'Что ты считаешь изменой?'),
       ('ec04cbd4-c49b-44fa-90e7-d5d741174767', 'b49aef79-3d09-4899-8eaa-f2011e837bae',
        'Еслть ли что-то, что ты не сможешь простить партнеру?'),
       ('8bf75761-9cc5-43a4-addb-394caf2bfc05', 'b49aef79-3d09-4899-8eaa-f2011e837bae', 'Что ты сейчас чувствуешь?'),
       ('6b4eae25-e2bc-49c8-8919-c35a34212257', 'b49aef79-3d09-4899-8eaa-f2011e837bae',
        'В какие моменты тебе хочется побыть одному?'),
       ('acbef3fe-8f60-4398-bde5-41ef1fa24e24', 'b49aef79-3d09-4899-8eaa-f2011e837bae',
        'Есть ли что-то, что ты давно хотел(а) спросить у партнера?'),
       ('88781672-e831-412b-b3d0-a2c1ba17674d', 'b49aef79-3d09-4899-8eaa-f2011e837bae',
        'Что новое ты бы хотел(а) попробовать в сексе?');
