truncate table questions;
truncate table levels;
truncate table decks;
INSERT INTO `decks` (`id`, `language_code`, `name`, `emoji`, `description`, `labels`, `vector_image_id`, `hidden`,
                     `promo`)
VALUES ('welcomeStrangerEn', 'EN', 'Welcome…Stranger?', null, 'Questions to anyone', null, '', 0, null),
       ('letsTalkRu', 'RU', 'Давай поболтаем', '😉',
        'Вопросы для любой пары или компании друзей, партнеров или незнакомцев. Читающий задает вопрос другому, или себе - определите это перед тем как начнёте играть.',
        null, 'lamp', 0, null),
       ('partnersRu', 'RU', 'Для партнеров', '❤️', 'Для пар, чтобы лучше узнать друг друга', null, 'heart', 0, null),
       ('howAmIru', 'RU', 'Как у меня дела?', '😌',
        'Колода для само-рефлексии о себе и своей жизни. Удели каждому вопросу больше времени, подумай о нём с разных сторон, и он поможет тебе открыть новые черты своей личности.',
        null, 'sun', 0, null);
INSERT INTO `levels` (`id`, `deck_id`, `level_order`, `name`, `emoji`, `color_start`, `color_end`, `color_button`)
VALUES ('9b2b10c2-7b5f-4840-a684-625fb90007a0', 'letsTalkRu', 1, 'Знакомство', '🙂', '74,62,255', '219, 100,255',
        '164,119,105'),
       ('b467736b-ce84-4d67-ba96-8eed00e69bc4', 'letsTalkRu', 2, 'Сближение', '😏', '254,141,63', '186,55,101',
        '105,123,164'),
       ('fe754eb8-8fb9-43f0-970b-c94a3a0691a8', 'letsTalkRu', 3, 'Открытость', '😌', '26,59,153', '95,150,51',
        '121,156,128'),
       ('835b529f-b754-4dad-8fab-df1c8a350fb9', 'welcomeStrangerEn', 1, 'Dots', null, '74,62,255', '219, 100,255',
        '164,119,105'),
       ('b60998c1-02b5-42e7-b31c-f75aaab88449', 'welcomeStrangerEn', 2, 'Pallels', null, '254,141,63', '186,55,101',
        '105,123,164'),
       ('88b0fc70-3d01-499f-8e2b-25bb07448a74', 'welcomeStrangerEn', 3, 'Figures', null, '26,59,153', '95,150,51',
        '121,156,128'),
       ('14b225d6-6a7c-442c-971b-a95e437a3d23', 'howAmIru', 1, 'Рефлексия', null, '26,59,153', '95,150,51',
        '121,156,128'),
       ('3e0596ef-cac8-47b2-aed2-d3c1fffd978e', 'partnersRu', 1, 'Лайт', '💜', '242,62,182', '226,124,34',
        '164,119,105'),
       ('dd9ca21c-421e-41e7-935b-fcc99ef11e81', 'partnersRu', 2, 'Глубина', '❤️', '181,3,36', '224,123,123',
        '105,123,164');
INSERT INTO `questions` (`id`, `level_id`, `text`, `additional_text`)
VALUES ('1a9c0b14-adbf-4e57-c80b-fb4d2c4793b5', '9b2b10c2-7b5f-4840-a684-625fb90007a0',
        'Какую песню ты можешь переслушивать вечно?', null),
       ('1c864a5a-1a00-488c-c911-95ce7728907e', '9b2b10c2-7b5f-4840-a684-625fb90007a0', 'Что означает твое имя?',
        'Вопрос всем'),
       ('2fa319cd-9656-496c-c1ae-452ee4fd07ce', '9b2b10c2-7b5f-4840-a684-625fb90007a0',
        'Какой навык ты хочешь освоить сейчас больше всего?', null),
       ('4d9dbfa3-6eb3-4897-9481-53326276f1a9', '9b2b10c2-7b5f-4840-a684-625fb90007a0',
        'Как ты думаешь, какая твоя самая лучшая черта?', 'Вопрос всем'),
       ('9e54d8b3-7a0c-4c2a-c2c8-3d69e22dbc20', '9b2b10c2-7b5f-4840-a684-625fb90007a0',
        'Можешь ли ты назвать себя тактильным человеком?', null),
       ('27df3a32-d1c7-484e-9cab-b113a291e0bf', '9b2b10c2-7b5f-4840-a684-625fb90007a0',
        'OPEN\nЕсли бы этот год был главой в твоей жизни, как бы она называлась?', null),
       ('38c26de0-ea9f-4bd9-ebb4-a6b4e2db06c2', '9b2b10c2-7b5f-4840-a684-625fb90007a0',
        'Какой фильм/книга на тебя повлияли в последнее время?', null),
       ('70dd5c72-0024-4984-b0de-b0ee8e0480ea', '9b2b10c2-7b5f-4840-a684-625fb90007a0',
        'Часто ли ты проводишь время с семьей?', null),
       ('83dd922f-5bd7-4026-b510-a59c34092e22', '9b2b10c2-7b5f-4840-a684-625fb90007a0',
        'Легко ли ты знакомишься с противоположным полом?', null),
       ('85da3210-65f6-4dc5-886d-fa696986a3f9', '9b2b10c2-7b5f-4840-a684-625fb90007a0',
        'Включи любой трек из своего плейлиста', null),
       ('91a41ccb-5c1c-49e2-e9aa-51ade33fed33', '9b2b10c2-7b5f-4840-a684-625fb90007a0',
        'Какое твое любимое место в городе?', 'Вопрос всем'),
       ('262a3fc8-d3b9-4b0e-fef6-75fefb248e08', '9b2b10c2-7b5f-4840-a684-625fb90007a0',
        'Что тебя удивило в собеседнике напротив?', null),
       ('333a512a-5367-4409-e797-eb36f8a7b082', '9b2b10c2-7b5f-4840-a684-625fb90007a0',
        'Какой фильм ты можешь пересматривать вечно?', null),
       ('420f96fc-fcd6-436d-feb0-98704b76011d', '9b2b10c2-7b5f-4840-a684-625fb90007a0',
        'Есть ли у тебя черта, отличающая тебя от большинства людей?', null),
       ('467ed236-82a9-4389-bb58-2023c9f5a103', '9b2b10c2-7b5f-4840-a684-625fb90007a0',
        'Какой твой любимый праздник? Как ты его обычно проводишь?', null),
       ('572a23ac-60f5-4699-b023-d461ce727f56', '9b2b10c2-7b5f-4840-a684-625fb90007a0',
        'Какая твоя последняя прочитанная книга?', null),
       ('721e0253-8266-463a-d961-308991a65dba', '9b2b10c2-7b5f-4840-a684-625fb90007a0',
        'Ты хотел(а) бы стать известным(ой)? Каким образом?', 'Вопрос всем'),
       ('724b0036-8930-46d3-f65f-7782ba2983ab', '9b2b10c2-7b5f-4840-a684-625fb90007a0',
        'Кого из твоих знакомых я тебе напоминаю?', 'Вопрос любому'),
       ('924e68d8-a454-4bd8-8e9e-e210e2332299', '9b2b10c2-7b5f-4840-a684-625fb90007a0',
        'Какую суперспособность тебе хотелось бы иметь? Почему?', null),
       ('1105e236-d89f-41ae-acd3-5054e8062552', '9b2b10c2-7b5f-4840-a684-625fb90007a0',
        'Расскажи о городе откуда ты родом', 'Вопрос всем'),
       ('05201ce8-439d-4e9a-bc67-330db0fd3f9f', '9b2b10c2-7b5f-4840-a684-625fb90007a0',
        'Куда ты обычно ездишь в отпуск?', null),
       ('9543d212-768e-4e56-9a81-20cec43d7c27', '9b2b10c2-7b5f-4840-a684-625fb90007a0',
        'Часто ли ты следуешь правилам?', null),
       ('58897d57-294d-40c6-a4ef-71b3735827ac', '9b2b10c2-7b5f-4840-a684-625fb90007a0',
        'Что тебя драйвит в твоем деле? А что отталкивает?', null),
       ('27044082-4d86-4a5c-9113-47dd9801f7fa', '9b2b10c2-7b5f-4840-a684-625fb90007a0',
        'Есть ли у тебя домашние животные?', null),
       ('79373380-93be-4356-acba-2aca0937c78b', '9b2b10c2-7b5f-4840-a684-625fb90007a0',
        'Тебе бы лучше жилось в большом мегаполисе, или в маленьком городке?', 'Вопрос всем'),
       ('a9640f44-b6ff-497b-b7b7-57a7e84d302d', '9b2b10c2-7b5f-4840-a684-625fb90007a0',
        'Какая сейчас твоя самая любимая песня?', null),
       ('af48b30f-b7be-48be-d325-4cb9cb44455b', '9b2b10c2-7b5f-4840-a684-625fb90007a0',
        'Что ты думаешь о балансе между работой и личной жизнью?', null),
       ('b702d78c-ff35-43d8-8433-498f89ea5dbb', '9b2b10c2-7b5f-4840-a684-625fb90007a0',
        'Часто ли ты смотришь YouTube? Какие это ролики?', null),
       ('b3843fdb-b2be-4d20-ab45-504245c25407', '9b2b10c2-7b5f-4840-a684-625fb90007a0',
        'Как ты обычно проводишь выходные?', 'Вопрос всем'),
       ('b72805d1-e5fe-40f3-9a64-cd87667ccb0e', '9b2b10c2-7b5f-4840-a684-625fb90007a0',
        'В какое место ты больше всего хочешь отправиться путешествовать?', null),
       ('bdef84fe-c128-4fd1-97d9-7d6bbc130515', '9b2b10c2-7b5f-4840-a684-625fb90007a0',
        'Часто ли ты занимаешься спортом? Какой твой любимый?', null),
       ('d3d2f1c7-bf25-4373-8173-0bee9df0c4bd', '9b2b10c2-7b5f-4840-a684-625fb90007a0',
        'Что тебя мотивирует или вдохновляет в твоей жизни?', null),
       ('d61f0703-7848-43ac-a12c-5ff84dbb781a', '9b2b10c2-7b5f-4840-a684-625fb90007a0',
        'Как часто ты знакомишься с новыми людьми? Часто ли знакомятся с тобой?', null),
       ('e7fbb071-4f23-424f-8acd-b53823d99d6e', '9b2b10c2-7b5f-4840-a684-625fb90007a0',
        'Если бы тебе пришлось родиться в другой стране, то в какой?', null),
       ('e35d2ccc-d056-4ee2-ec6d-1a88dcce722d', '9b2b10c2-7b5f-4840-a684-625fb90007a0',
        'В каком самом необычном месте тебе приходилось бывать?', null),
       ('e841d2cc-0d0a-4a95-af4c-c7bdd942485a', '9b2b10c2-7b5f-4840-a684-625fb90007a0', 'Расскажи любой анекдот',
        'Действие всем игрокам'),
       ('ed2bbecc-a3a8-4ff7-bb7a-6897069c8e8b', '9b2b10c2-7b5f-4840-a684-625fb90007a0',
        'Как ты думаешь, что у вас общего с собеседником?', 'Выбери любого игрока'),
       ('f9af1612-4f0b-476b-a617-1a322f41ff3c', '9b2b10c2-7b5f-4840-a684-625fb90007a0', 'Ты сова или жаворонок?',
        'Вопрос всем'),
       ('f82f7dd2-b9ad-4ff9-bab4-5b4c00cf2d78', '9b2b10c2-7b5f-4840-a684-625fb90007a0',
        'Какой последний сериал/фильм тебе запомнился?', 'Вопрос всем'),
       ('f52986a2-a890-4beb-8f74-dac47db1ea1b', '9b2b10c2-7b5f-4840-a684-625fb90007a0',
        'Чему в твоей жизни сегодня не поверил бы ты из прошлого?', null),
       ('3c1e143c-81b7-4d75-8565-3109d21221d4', 'fe754eb8-8fb9-43f0-970b-c94a3a0691a8',
        'Какую (возможно неприятную) правду тебе бы хотелось о себе узнать?', null),
       ('4cd9c7b9-4cbf-469d-fa9a-1197cafdac90', 'fe754eb8-8fb9-43f0-970b-c94a3a0691a8',
        'Приходилось ли тебе врать в наших разговорах? Если да, то почему?', null),
       ('5e9610e3-1bc4-4339-b45c-bd538e6f1f35', 'fe754eb8-8fb9-43f0-970b-c94a3a0691a8',
        'Когда тебе плохо, ты уединяешься, или идешь к людям?', null),
       ('5fa313a7-d26b-4f8e-ab7d-6c7f51e30669', 'fe754eb8-8fb9-43f0-970b-c94a3a0691a8',
        'Что мне нужно знать о себе, чего, возможно, я не знаю?', 'Вопрос другому'),
       ('046cf228-7611-4500-dbdb-6dc44c71e599', 'fe754eb8-8fb9-43f0-970b-c94a3a0691a8', 'Бежишь ли ты от чего-то?',
        null),
       ('63c5fffa-283a-4592-8881-52b024887d72', 'fe754eb8-8fb9-43f0-970b-c94a3a0691a8',
        'Удалось ли тебе чему-то научить своих родителей?', null),
       ('86b76d13-9637-4bc6-8f5b-b5953e31fe8a', 'fe754eb8-8fb9-43f0-970b-c94a3a0691a8',
        'От чего тебе пришлось сознательно отказаться в своей жизни?', null),
       ('92e3af35-3795-42e5-eb1f-da3f027e14d3', 'fe754eb8-8fb9-43f0-970b-c94a3a0691a8',
        'Есть ли в твоей жизни то, что хотелось бы изменить прямо сейчас?', null),
       ('593fbc57-3121-4b10-f99c-89594a6c69e6', 'fe754eb8-8fb9-43f0-970b-c94a3a0691a8',
        'Какой аспект твоей личности ты считаешь наименее понятным для других?', null),
       ('1963bc97-6f02-4f4f-bec4-6cd621f98fae', 'fe754eb8-8fb9-43f0-970b-c94a3a0691a8',
        'Что тебе не нравится или кажется странным в собеседнике напротив?', null),
       ('2999b959-1b9d-4a89-cb42-ecfbdab7e099', 'fe754eb8-8fb9-43f0-970b-c94a3a0691a8',
        'Что бы тебе хотелось поменять в собеседнике напротив?', null),
       ('5480af3d-9fbe-4189-da0e-a2902c5c9014', 'fe754eb8-8fb9-43f0-970b-c94a3a0691a8',
        'Когда в последний раз у тебя был большой стресс? Как тебе удалось с ним справиться?', null),
       ('45864d89-d61b-448a-e72b-c29296a9b943', 'fe754eb8-8fb9-43f0-970b-c94a3a0691a8', 'Часто ли ты прощаешь людей?',
        null),
       ('52867373-a2c8-456b-8d4f-62254623ae03', 'fe754eb8-8fb9-43f0-970b-c94a3a0691a8',
        'Что ты чувствуешь, когда думаешь о своей смертности? Боишься ли ты умереть?', null),
       ('a41ebfff-bca2-4c55-e8d9-f5b26c3f4693', 'fe754eb8-8fb9-43f0-970b-c94a3a0691a8',
        'Как ты обращаешься с деньгами? Много ли ты копишь?', null),
       ('a88f5eb0-c4bd-4ca0-9925-860b26eb9e1c', 'fe754eb8-8fb9-43f0-970b-c94a3a0691a8',
        'Какой твой самый большой страх?', null),
       ('b7a3dc7f-ced5-4149-db7f-485c04c24525', 'fe754eb8-8fb9-43f0-970b-c94a3a0691a8',
        'Что для тебя значит "быть счастливым"?', null),
       ('c6fbca3b-f46f-4679-8149-309c004e385e', 'fe754eb8-8fb9-43f0-970b-c94a3a0691a8',
        'Что тебе приносит самое большое удовлетворение?', null),
       ('c58adfd9-f296-4cfc-bfd3-4fe93a28aa6f', 'fe754eb8-8fb9-43f0-970b-c94a3a0691a8',
        'Какое событие оказало наибольшее влияние на твою жизнь?', null),
       ('d7f0d3b2-aa7c-4e74-86ae-9890dc2888d5', 'fe754eb8-8fb9-43f0-970b-c94a3a0691a8',
        'В каких сферах тебе удалось преуспеть? В каких ты наоборот, понимаешь очень мало?', null),
       ('da551c6f-0d00-432a-c54f-d0f2f7224949', 'fe754eb8-8fb9-43f0-970b-c94a3a0691a8',
        'Какой был твой самый близкий к смерти момент?', null),
       ('dd46be89-cc76-4b25-8989-4701736a8cc2', 'fe754eb8-8fb9-43f0-970b-c94a3a0691a8',
        'Есть ли у тебя необычные увлечения или хобби, о которых мало кто знает?', null),
       ('e9dba88c-ccd2-41ff-b91e-ccd4db622277', 'fe754eb8-8fb9-43f0-970b-c94a3a0691a8',
        'Что ты хорошо умеешь делать, хотя тебе это не нравится?', null),
       ('e833045e-5791-47c0-8475-c5a92a2c6300', 'fe754eb8-8fb9-43f0-970b-c94a3a0691a8',
        'Есть ли у тебя главное правило, которому ты следуешь по жизни?', null),
       ('f7dd73a8-1557-46ba-fffc-ece493965a8e', 'fe754eb8-8fb9-43f0-970b-c94a3a0691a8',
        'Что самое запоминающееся было в нашем общении?', null),
       ('f47355b0-8aaa-4437-8cd7-7692464435b8', 'fe754eb8-8fb9-43f0-970b-c94a3a0691a8',
        'Что бы ты мог(ла) сделать лучше в предыдущих отношениях?', null),
       ('ff2bd04e-0933-4c6b-8cd3-06d0aa459d24', 'fe754eb8-8fb9-43f0-970b-c94a3a0691a8',
        'Ведешь ли ты дневники или записи о чем-либо? Как они тебе помогают?', 'Вопрос всем'),
       ('2a579524-8783-4f81-dd85-39ad870b4b0f', 'b467736b-ce84-4d67-ba96-8eed00e69bc4', 'Что ты считаешь дружбой?',
        null),
       ('3e57d6fb-e26d-4a6b-ae5c-ba1e856ce741', 'b467736b-ce84-4d67-ba96-8eed00e69bc4',
        'Внимательно посмотрите друг на друга и опишите глаза собеседника', 'Выбери любого собеседника'),
       ('4c0c4b63-b7eb-4ba3-8721-19e809baa5dd', 'b467736b-ce84-4d67-ba96-8eed00e69bc4',
        'Покажи последнее фото в галерее, сделанное до нашей встречи. Расскажи, почему оно было сделано?', null),
       ('5a551813-619b-46bd-b54f-46ece326df69', 'b467736b-ce84-4d67-ba96-8eed00e69bc4',
        'На какие вопросы ты пытаешься ответить в своей жизни прямо сейчас?', null),
       ('5f295c86-3ec8-441c-878d-90e748519479', 'b467736b-ce84-4d67-ba96-8eed00e69bc4',
        'Я выгляжу добрым(доброй)? Почему, или почему нет?', 'Вопрос всем'),
       ('6afc98bc-a564-4566-b7b3-51829019acea', 'b467736b-ce84-4d67-ba96-8eed00e69bc4',
        'Какая была твоя самая безрассудная покупка?', null),
       ('6edd9d0d-a887-4e62-b3f1-952959dc63e7', 'b467736b-ce84-4d67-ba96-8eed00e69bc4',
        'Каким своим поступком ты действительно гордишься?', null),
       ('7d443df2-0d6d-460c-9a9e-eea4ac7ed3e4', 'b467736b-ce84-4d67-ba96-8eed00e69bc4',
        'Есть ли у тебя лайвхаки для повышения продуктивности/качества жизни?', null),
       ('8b617cf0-db0b-494b-96c2-9a3697f36511', 'b467736b-ce84-4d67-ba96-8eed00e69bc4',
        'Есть ли в твоем образе украшения или необычные атрибуты?', null),
       ('9ee2e128-9287-424e-89c0-83233454fb94', 'b467736b-ce84-4d67-ba96-8eed00e69bc4',
        'К какому возрасту ты хочешь завести семью?', null),
       ('60a7c962-da67-4284-b38b-ec03b33780bb', 'b467736b-ce84-4d67-ba96-8eed00e69bc4', 'Как тебе мой стайл?',
        'Вопрос другому'),
       ('69d37a1f-00e2-4a2c-f13e-e215d8a72263', 'b467736b-ce84-4d67-ba96-8eed00e69bc4',
        'Есть ли принципы, которые ты считаешь важными для себя?', null),
       ('74d7811b-e51a-45a9-acb1-68e59e7223e1', 'b467736b-ce84-4d67-ba96-8eed00e69bc4',
        'Как ты обычно выбираешь подарки для близких?', null),
       ('83e46988-2688-4382-b59f-3c6aa74457af', 'b467736b-ce84-4d67-ba96-8eed00e69bc4',
        'Какое было твое самое интересное путешествие?', null),
       ('86a5abf7-6bbf-4036-ab84-03e69c2ac771', 'b467736b-ce84-4d67-ba96-8eed00e69bc4',
        'Какое было твое самое яркое событие за последние 3 месяца?', null),
       ('212e623a-6a9a-45d0-ac5f-07ddfd22912a', 'b467736b-ce84-4d67-ba96-8eed00e69bc4',
        'Как твои дела? А на самом деле?', null),
       ('564d53bd-f836-40df-ae54-e39879970396', 'b467736b-ce84-4d67-ba96-8eed00e69bc4',
        'Как ты можешь описать свой стиль общения с другими людьми?', null),
       ('916f4ebc-81b6-42c3-dd24-f0ca665faf4c', 'b467736b-ce84-4d67-ba96-8eed00e69bc4',
        'Что тебе нравится больше всего в собеседнике справа?', null),
       ('75525f07-be3d-457f-d996-49293ffe8b14', 'b467736b-ce84-4d67-ba96-8eed00e69bc4',
        'Из за чего ты чаще совершаешь необычные поступки?', null),
       ('3813835d-4cdd-4a31-a863-791d56299e87', 'b467736b-ce84-4d67-ba96-8eed00e69bc4',
        'Как бы ты описал(а) меня незнакомцу?', 'Вопрос другому'),
       ('85154553-139c-4041-ae25-239e9db9dc8a', 'b467736b-ce84-4d67-ba96-8eed00e69bc4',
        'Если останется жить всего 1 день, какие будут твои действия?', null),
       ('a270caa5-fc7f-4b50-8450-855b221d14ce', 'b467736b-ce84-4d67-ba96-8eed00e69bc4', 'Сделайте совместное фото',
        null),
       ('aebe8c8e-353a-4605-973f-f8e46120849f', 'b467736b-ce84-4d67-ba96-8eed00e69bc4',
        'Что ты считаешь своими самыми большими достижениями?', null),
       ('bec14d5e-7039-4e54-cd27-5a212b16803a', 'b467736b-ce84-4d67-ba96-8eed00e69bc4',
        'Как ты думаешь, что людям обычно нравится в тебе?', null),
       ('c12c52ae-b745-44d2-f1e8-bf1cce2aa070', 'b467736b-ce84-4d67-ba96-8eed00e69bc4',
        'Опиши свои ощущения от этого дня', null),
       ('ebbab717-43d6-4e13-c960-cc446ddec771', 'b467736b-ce84-4d67-ba96-8eed00e69bc4',
        'Часто ли ты говоришь людям неприятную правду?', null),
       ('f0ca6ac0-0304-4e6d-c681-be3e6b992c36', 'b467736b-ce84-4d67-ba96-8eed00e69bc4',
        'Чего бы тебе сейчас хотелось больше всего?', null),
       ('f3417142-2950-4e8d-a962-5e23f864ecd9', 'b467736b-ce84-4d67-ba96-8eed00e69bc4',
        'Были ли у тебя мечты о каком-либо увлечении, которое тебе так и не удалось попробовать?', null),
       ('f4382778-39b3-427c-d8a6-23be754c297b', 'b467736b-ce84-4d67-ba96-8eed00e69bc4',
        'Какое твое первое впечатление о человеке напротив? В чем отличие от текущего образа?', null),
       ('ff0019e4-2fbf-4357-f595-df11c1168ada', 'b467736b-ce84-4d67-ba96-8eed00e69bc4',
        'Как ты обращаешься с деньгами?', null),
       ('3a08715d-7ff5-45e0-9183-d925b5630ba0', 'dd9ca21c-421e-41e7-935b-fcc99ef11e81',
        'Как по-твоему, партнер мог бы себя вести во время ссоры, чтобы она быстрее рассосалась?', null),
       ('4f0bf4dd-0efc-433d-9016-8e688bd3abb9', 'dd9ca21c-421e-41e7-935b-fcc99ef11e81',
        'Какие знаки внимания со стороны партнера тебе важны?', null),
       ('9bd8e441-6784-421a-8d1b-cad8103a6885', 'dd9ca21c-421e-41e7-935b-fcc99ef11e81',
        'За какие сферы хочется отвечать, а какие - делегировать партнеру?', null),
       ('13bc0177-92f3-4816-992d-9959862c12e9', 'dd9ca21c-421e-41e7-935b-fcc99ef11e81',
        'Как делить бюджет с партнером?', null),
       ('13c908be-ac29-43ae-9887-b6bd4f26ea3b', 'dd9ca21c-421e-41e7-935b-fcc99ef11e81',
        'Каким и где ты видишь себя через 5 лет?', null),
       ('18c64c78-ba0a-4e2a-a991-00059873cc76', 'dd9ca21c-421e-41e7-935b-fcc99ef11e81',
        'Чем бы ты хотел(а) заниматься вместе с партнером?', null),
       ('37dfb194-b696-4771-bb32-141e8288bcc8', 'dd9ca21c-421e-41e7-935b-fcc99ef11e81',
        'Какие традиции семьи ты бы хотел(а) перенести в жизнь с партнером?', null),
       ('483c65b8-d3df-421f-9305-2e52ae7291b9', 'dd9ca21c-421e-41e7-935b-fcc99ef11e81', 'Что ты ценишь в партнере?',
        null),
       ('812ae727-68d9-434f-b0a9-3d62228b2e34', 'dd9ca21c-421e-41e7-935b-fcc99ef11e81', 'Какие твои цели в жизни?',
        null),
       ('715512cd-2973-458a-a9e3-4e1effe3de2c', 'dd9ca21c-421e-41e7-935b-fcc99ef11e81',
        'Ты бы хотел(а) домашнее животное? Если да, то какое?', null),
       ('54907509-a142-4b96-bd61-b152b10e94f3', 'dd9ca21c-421e-41e7-935b-fcc99ef11e81', 'Как ты любишь расслабляться?',
        null),
       ('dec44fa4-4aa2-44cd-99c7-967ceecb5eb3', 'dd9ca21c-421e-41e7-935b-fcc99ef11e81',
        'Что тебе хочется делать в одиночестве?', null),
       ('e6472074-633d-4a46-96e0-07e5808da969', 'dd9ca21c-421e-41e7-935b-fcc99ef11e81',
        'Что ты понимаешь под поддержкой со стороны партнера?', null),
       ('fac6717a-5d5e-4de1-a24d-dc0239b0bf8f', 'dd9ca21c-421e-41e7-935b-fcc99ef11e81',
        'Какой ты видишь свою старость?', null),
       ('17acc1ab-2ed0-4686-8efb-b78e552e8f3b', '3e0596ef-cac8-47b2-aed2-d3c1fffd978e',
        'Ты хочешь детей? Если да, то когда?', null),
       ('37b16252-ca1f-4f35-bdba-b891b034a278', '3e0596ef-cac8-47b2-aed2-d3c1fffd978e',
        'В какие моменты тебе хочется побыть одному?', null),
       ('199af681-fced-4f0c-ae2e-f103c8d3d520', '3e0596ef-cac8-47b2-aed2-d3c1fffd978e',
        'Чего партнеру точно не стоит делать, чтобы не разозлить тебя?', null),
       ('426c914d-ea4a-46e1-a4c0-8890eac4af22', '3e0596ef-cac8-47b2-aed2-d3c1fffd978e',
        'Что ты не сможешь простить партнеру?', null),
       ('6064a655-427a-4143-b0cb-174e2bc30ed8', '3e0596ef-cac8-47b2-aed2-d3c1fffd978e',
        'Что новое тебе хочется попробовать в сексе?', null),
       ('146612cf-e815-46e4-a88e-723f72287ace', '3e0596ef-cac8-47b2-aed2-d3c1fffd978e', 'Что ты считаешь изменой?',
        null),
       ('a2089b63-85af-4c94-9c89-ff9b85dd9be2', '3e0596ef-cac8-47b2-aed2-d3c1fffd978e',
        'Есть ли что-то, что давно хотелось спросить у партнера?', null),
       ('b14cf013-ba50-4c26-8a67-2c21214fe7a9', '3e0596ef-cac8-47b2-aed2-d3c1fffd978e', 'Что ты сейчас чувствуешь?',
        null),
       ('1ecaa431-edcb-44c5-90c8-4d8e854cb8bf', '14b225d6-6a7c-442c-971b-a95e437a3d23',
        'Получил ли кто-то сильную поддержку от меня в последнее время? Могу ли я оказать такую же поддержку себе?',
        null),
       ('2fbe3c5e-bc52-4f87-8469-63d15c8e73bb', '14b225d6-6a7c-442c-971b-a95e437a3d23',
        'Какое для меня значение имеет мнение окружающих обо мне? Стоит ли мне придавать этому больше или меньше значения?',
        null),
       ('3aec5244-c01e-45f9-a154-5ae622aac1af', '14b225d6-6a7c-442c-971b-a95e437a3d23',
        'Образ какого человека я создаю?', null),
       ('5a374ad6-f337-4f4d-a164-f2ee7e763e39', '14b225d6-6a7c-442c-971b-a95e437a3d23', 'Что для меня счастье?', null),
       ('5b212706-063b-4ba0-b21b-56e53ec79882', '14b225d6-6a7c-442c-971b-a95e437a3d23',
        'Много ли у меня желания вставать по утрам? Если нет, какие у этого причины?', null),
       ('5dcb144b-2063-495b-a55f-ea3805c5085e', '14b225d6-6a7c-442c-971b-a95e437a3d23',
        'Сохраняю ли я баланс между работой и личной жизнью?', null),
       ('6b9025f0-b8d8-44d0-b384-7ab44fae1d6c', '14b225d6-6a7c-442c-971b-a95e437a3d23',
        'Какое мое самое большое беспокойство? Что люди обычно делают, чтобы закрыть для себя подобное?', null),
       ('6f277a88-4e30-4752-8d5b-da2d98e5c208', '14b225d6-6a7c-442c-971b-a95e437a3d23',
        'Какая сейчас главная сфера жизни, над которой я работаю? Что мне в ней ещё нужно сделать?', null),
       ('7c2b8be3-a814-4088-a0e1-7b82d18d2f47', '14b225d6-6a7c-442c-971b-a95e437a3d23',
        'Какие были бы мои планы на этот день, если бы он был последним в моей жизни?', null),
       ('7efe7247-dffd-4d6b-9660-d097704f11c0', '14b225d6-6a7c-442c-971b-a95e437a3d23',
        'Боюсь ли я чего-то? Как я могу обезопаситься от этого?', null),
       ('10d819e9-2a19-4200-8964-9b5c96da22ea', '14b225d6-6a7c-442c-971b-a95e437a3d23',
        'Какой мой труд был самым реальным, необходимым и счастливым? Что позволило ему случиться?', null),
       ('33bf80d1-c5ad-442d-862f-88dc5b59ee3e', '14b225d6-6a7c-442c-971b-a95e437a3d23',
        'Кем я хочу стать, чего добиться? Есть ли у меня план для достижения этого?', null),
       ('51e9d3da-2c40-4a0c-9365-25c5435c612a', '14b225d6-6a7c-442c-971b-a95e437a3d23',
        'Когда мне последний раз пришлось врать? Почему? Можно ли было сказать правду?', null),
       ('259a54da-fd10-4f38-8c92-18a692d0b52b', '14b225d6-6a7c-442c-971b-a95e437a3d23',
        'Какие действия я делаю регулярно, чтобы заботиться о себе? Что к ним можно добавить?', null),
       ('842d0026-a165-4f0f-81cb-af3d6df2c571', '14b225d6-6a7c-442c-971b-a95e437a3d23',
        'Кто или что оказало наибольшее влияние на мою жизнь сейчас?', null),
       ('972f7a07-9a3b-4337-b77d-dbee8e7aea65', '14b225d6-6a7c-442c-971b-a95e437a3d23',
        'Есть ли у меня кумир или пример для подражания? Что в нём/ней меня привлекает? Могу ли я попробовать добиться похожих успехов?',
        null),
       ('5759f141-2a38-47b7-a330-be01032bf61a', '14b225d6-6a7c-442c-971b-a95e437a3d23',
        'Какие сферы моей жизни устроены хорошо? А какие не очень?', null),
       ('7885a621-15e1-44da-93c6-bad539c310e6', '14b225d6-6a7c-442c-971b-a95e437a3d23',
        'Какие слова мне важнее всего слышать?', null),
       ('146272be-faa8-4e5a-9822-074e669c2328', '14b225d6-6a7c-442c-971b-a95e437a3d23',
        'Какого персонажа я больше всего асоциирую с собой? Какие качества/черты мне в нем нравятся? Хочу ли я иметь похожую на него историю?',
        null),
       ('158130b4-8bfd-4813-9370-52be45c8d51e', '14b225d6-6a7c-442c-971b-a95e437a3d23',
        'Что сейчас для меня самое важное? Почему оно так важно для меня?', null),
       ('97131860-9fef-49f6-835e-c2906bcd4689', '14b225d6-6a7c-442c-971b-a95e437a3d23',
        'Ставлю ли я перед собой цели? Нужно ли мне делать это больше?', null),
       ('a4c3f857-4550-4ef3-8d32-b4ea381a301b', '14b225d6-6a7c-442c-971b-a95e437a3d23',
        'С кем я сейчас хочу встретиться или поговорить?', null),
       ('a8102c42-0680-45a7-904c-89e9e6e41faf', '14b225d6-6a7c-442c-971b-a95e437a3d23',
        'Составь список всего, что тебя вдохновляет: образы, книги, цитаты, места', 'Действие'),
       ('aa92935c-fb70-41cb-822e-ed648cb1fc9d', '14b225d6-6a7c-442c-971b-a95e437a3d23',
        'Забочусь ли я о себе так же, как о близких мне людях? Стоит ли мне уделять больше времени себе?', null),
       ('ad9435e5-29bf-43a1-bcd0-47307d8ae137', '14b225d6-6a7c-442c-971b-a95e437a3d23',
        'Когда я ощущаю наибольшую энергичность? Могу ли я внести больше этого в свою жизнь?', null),
       ('af408481-f615-4307-9c75-e5bcc9823f22', '14b225d6-6a7c-442c-971b-a95e437a3d23',
        'Какие свои достижения я принимаю как должное?', null),
       ('b0f2a62b-9645-49d8-832c-983a3486919d', '14b225d6-6a7c-442c-971b-a95e437a3d23',
        'Скольким из моих друзей можно было бы доверить свою жизнь?', null),
       ('b5ee09b4-fb09-4a89-b484-56e147d769be', '14b225d6-6a7c-442c-971b-a95e437a3d23',
        'Что я хочу чтобы другие знали обо мне, чего сейчас не знают? Почему мне важно донести это до них?', null),
       ('b88e575c-8f42-4a02-8a02-8899a11641cd', '14b225d6-6a7c-442c-971b-a95e437a3d23',
        'На что я трачу большую часть времени? А на что мне хотелось бы тратить?', null),
       ('bab39075-9f4b-47f9-bd7c-621bd12869c8', '14b225d6-6a7c-442c-971b-a95e437a3d23',
        'Кого я недавно порадовал? Что это было?', null),
       ('bac77f1c-8095-4570-b1f9-4c241df89ebc', '14b225d6-6a7c-442c-971b-a95e437a3d23',
        'Какой мой самый любимый способ провести день?', null),
       ('bc48528b-8dac-4fc8-a0c5-c119a6ef416f', '14b225d6-6a7c-442c-971b-a95e437a3d23',
        'В начале моего дела, какие у меня были мечты? Следую ли я им?', null),
       ('da1ef410-615e-4c15-8431-097a11782ee3', '14b225d6-6a7c-442c-971b-a95e437a3d23',
        'Есть ли в моем характере негативные черты? Как они могут влиять на меня и окружающих?', null),
       ('e600e31f-e75b-4945-a5b0-fb645ac4801c', '14b225d6-6a7c-442c-971b-a95e437a3d23',
        'Книги на какую тему мне сейчас хочется прочесть? Смогу ли я выделить на это время?', null),
       ('e661feb6-7e99-4baa-a0ae-0bf81b6ab050', '14b225d6-6a7c-442c-971b-a95e437a3d23',
        'Что мне хочется изменить в себе?', null),
       ('e8033723-db99-4453-aad6-e3c2b3a997a3', '14b225d6-6a7c-442c-971b-a95e437a3d23',
        'Какой был мой последний сознательный выход из зоны комфорта? Понравился ли мне этот опыт?', null),
       ('ebfa241a-de81-4d02-9ba6-2d202434ad45', '14b225d6-6a7c-442c-971b-a95e437a3d23',
        'Встретив себя на 5 лет моложе, какую фразу я скажу?', null),
       ('ecce8342-0ef9-4a91-bf24-ac1c9c74017d', '14b225d6-6a7c-442c-971b-a95e437a3d23',
        'Есть ли для меня различие между “жить” и “существовать”? В чём оно?', null),
       ('ecf7ba13-1116-44a4-a116-24a792081523', '14b225d6-6a7c-442c-971b-a95e437a3d23',
        'Как у меня дела? А на самом деле?', null),
       ('ed70d381-40e7-4140-a832-35c057211712', '14b225d6-6a7c-442c-971b-a95e437a3d23',
        'Есть ли дело, которое мне точно нужно сделать, но я его откладываю? Станет ли мне лучше, если я займусь им и завершу его?',
        null),
       ('fe80c86e-82a3-41da-bb5f-873fdf76f71f', '14b225d6-6a7c-442c-971b-a95e437a3d23',
        'Какие утренние ритуалы я бы хотел добавить в свою жизнь?', null);